# data/materials/materials_db.csv — Ply property database, Phase 3
# Sources: MAT-001 (DOE/MSU database), MAT-002 (SAND2013-2569 Table 4 / Appendix A),
#          MAT-003 (Mandell & Samborsky 2010), MAT-004 (SAND2013-2569 §3.3)
# All properties in SI units as noted in column headers.
# IMPORTANT: biax/triax properties are EFFECTIVE laminate values (not constituent UD ply).
# See orientation_note for how each material is used in the layup.
#
name,description,orientation_note,type,E1_GPa,E2_GPa,G12_GPa,nu12,Xt_MPa,Xc_MPa,Yt_MPa,Yc_MPa,S_MPa,rho_kgm3,t_ply_mm,source_primary,source_secondary,varim_ok
ELT5500_UD,E-LT-5500 unidirectional E-glass,Used at 0deg in spar caps,UD_glass,41.8,14.0,2.63,0.280,1003,569,33.5,105.5,71.9,1920,0.910,MAT-002,MAT-003,yes
Saertex_DB,Saertex double-bias +-45deg biax,Used as +-45 pair; effective laminate properties at 0deg reference,biax,9.0,9.0,13.1,0.470,70.0,70.0,70.0,70.0,62.0,1830,0.470,MAT-002,MAT-001,yes
SNL_Triax,SNL triaxial [0/+-45] laminate,Used as equivalent single-layer triax; 0deg in span direction,triax,27.7,13.65,7.20,0.390,550.0,350.0,35.0,105.0,65.0,1850,0.940,MAT-002,MAT-001,yes
Newport307_CarbonUD,Newport 307 UD carbon (spar cap hybrid option),Used at 0deg in hybrid spar cap,UD_carbon,114.0,8.35,5.99,0.270,1490.0,900.0,48.0,148.0,62.0,1540,0.360,MAT-004,MAT-005,yes
PVC_Foam_H100,PVC structural foam core H100,Core material in sandwich panels,foam,0.130,0.130,0.049,0.320,3.30,2.00,3.30,2.00,1.80,100,50.0,MAT-002,MAT-006,yes
