forward_layers_each_side,aft_layers_each_side,core_thickness_m,spanwise_zones_per_web,max_adjacent_layer_step,estimated_web_material_mass_kg,max_nominal_split_imbalance,max_face_D20_all_cases,max_core_D20_all_cases,status,selected
2,2,0.05,1,0,1759.6069915497562,0.04492177858312796,5887.501287891524,1.6859598932799962e-13,FAIL,False
2,2,0.06,1,0,1902.4322343703534,0.04492177858312796,5651.556349624808,1.595899023153589e-13,FAIL,False
2,2,0.08,1,0,2188.0827200115477,0.04492177858312796,5210.53730591936,1.4310155606098648e-13,FAIL,False
2,2,0.1,1,0,2473.733205652742,0.04492177858312796,4807.426483280417,1.284419929503953e-13,FAIL,False
2,3,0.05,1,0,2010.3752984955483,0.10529212073531835,825.4955996487315,1.2068170146660497e-14,FAIL,False
2,3,0.06,1,0,2153.2005413161455,0.10493622955447912,798.4563535506775,1.1540591908637965e-14,FAIL,False
2,3,0.08,1,0,2438.85102695734,0.1042321566167922,747.2804106512349,1.055882505846462e-14,FAIL,False
2,3,0.1,1,0,2724.5015125985337,0.10353817868147508,699.7230769125805,9.66685527799856e-15,FAIL,False
2,4,0.05,1,0,2261.1436054413407,0.17071379698071942,177.68933127276765,1.5357039973631908e-15,FAIL,False
2,4,0.06,1,0,2403.9688482619376,0.17021811337642234,172.76806213676346,1.4788878278732971e-15,FAIL,False
2,4,0.08,1,0,2689.619333903132,0.1692357201945266,163.37337805122135,1.3719654105833446e-15,FAIL,False
2,4,0.1,1,0,2975.2698195443263,0.1682651129434649,154.54289238926773,1.2733632631616727e-15,FAIL,False
2,5,0.05,1,0,2511.911912387133,0.21753203568769308,47.865688972607366,2.6407544671619404e-16,FAIL,False
2,5,0.06,1,0,2654.7371552077298,0.21698467369814367,46.71737331260328,2.556072009559301e-16,FAIL,False
2,5,0.08,1,0,2940.387640848924,0.21589846134287471,44.51143545991566,2.395395717698356e-16,FAIL,False
2,5,0.1,1,0,3226.038126490118,0.21482345151329674,42.42062671875299,2.24559886508188e-16,FAIL,False
2,6,0.05,1,0,2762.680219332925,0.25269421702101547,15.238516252205127,5.682428901190964e-17,FAIL,False
2,6,0.06,1,0,2905.5054621535223,0.2521346084192664,14.916079282063528,5.5216319024207586e-17,FAIL,False
2,6,0.08,1,0,3191.1559477947167,0.2510230174085806,14.293699095496764,5.2146222542350025e-17,FAIL,False
2,6,0.1,1,0,3476.8064334359105,0.2499214797019742,13.700039895520746,4.9260107761450694e-17,FAIL,False
2,7,0.05,1,0,3013.4485262787175,0.2800713753452382,5.520829660765102,1.4544432443986507e-17,FAIL,False
2,7,0.06,1,0,3156.273769099314,0.2795180264130337,5.416342822933033,1.4176164580101485e-17,FAIL,False
2,7,0.08,1,0,3441.9242547405083,0.2784180397099236,5.213896491321906,1.3469558829331883e-17,FAIL,False
2,7,0.1,1,0,3727.574740381703,0.27732691114744046,5.019822875137212,1.2800931886243075e-17,FAIL,False
2,8,0.05,1,0,3264.216833224509,0.3019912686907652,2.2171970976821314,4.2747258975591134e-18,FAIL,False
2,8,0.06,1,0,3407.0420760451066,0.30145290799219815,2.1792409532887667,4.176792315498132e-18,FAIL,False
2,8,0.08,1,0,3692.692561686301,0.30038206875865925,2.1054754285316624,3.988134973977551e-18,FAIL,False
2,8,0.1,1,0,3978.343047327495,0.29931900125916044,2.03447381901703,3.808669821689073e-18,FAIL,False
2,9,0.05,1,0,3514.9851401703017,0.31993775150434345,0.9684887035779955,1.4063643959275686e-18,FAIL,False
2,9,0.06,1,0,3657.8103829908987,0.3194182716138573,0.9533541478599836,1.3769452167003092e-18,FAIL,False
2,9,0.08,1,0,3943.4608686320935,0.31838447582902935,0.9238670334271608,1.320086291824049e-18,FAIL,False
2,9,0.1,1,0,4229.111354273287,0.31735750852325645,0.8953898098154957,1.2657609476868595e-18,FAIL,False
2,10,0.05,1,0,3765.7534471160934,0.3349014283997011,0.4536456683773735,5.081590592131442e-19,PASS,False
2,10,0.06,1,0,3908.578689936691,0.33440224287986553,0.44712487358599906,4.983791467725283e-19,PASS,False
2,10,0.08,1,0,4194.229175577885,0.3334084235987518,0.4343934017471631,4.794252076780814e-19,PASS,False
2,10,0.1,1,0,4479.879661219079,0.3324206273525459,0.42206345358731273,4.612493245360591e-19,PASS,False
2,11,0.05,1,0,4016.521754061886,0.34756888107994754,0.22539847330843785,1.9873688004583439e-19,PASS,False
2,11,0.06,1,0,4159.346996882483,0.3470901121678692,0.22239901070810025,1.9519525621006834e-19,PASS,False
2,11,0.08,1,0,4444.997482523677,0.34613660638945276,0.21653222067417002,1.8831530925905198e-19,PASS,False
2,11,0.1,1,0,4730.647968164871,0.3451884390480209,0.21083688643803591,1.8169716434218289e-19,PASS,False
2,12,0.05,1,0,4267.290061007678,0.3584309903819448,0.11778766921071164,8.317093835179601e-20,PASS,False
2,12,0.06,1,0,4410.1153038282755,0.35797209244156813,0.11632851966880449,8.179096111244526e-20,PASS,False
2,12,0.08,1,0,4695.765789469469,0.3570578869415658,0.1134700878266181,7.910480325888387e-20,PASS,False
2,12,0.1,1,0,4981.416275110663,0.3561484374850295,0.11068948485305408,7.651390670519058e-20,PASS,False
3,2,0.05,1,0,2031.5790733273495,0.1406111386904435,1140.1106019496674,1.8615050928806753e-14,FAIL,False
3,2,0.06,1,0,2174.4043161479467,0.1402681669339319,1101.5401815348037,1.7774709672744717e-14,FAIL,False
3,2,0.08,1,0,2460.0548017891406,0.1395895466430213,1028.6816982181379,1.621483634759093e-14,FAIL,False
3,2,0.1,1,0,2745.7052874303354,0.1389205181346213,961.1486712198513,1.4802321800530328e-14,FAIL,False
3,3,0.05,1,0,2282.3473802731414,0.04492177858312796,164.0193847375758,1.3792518742324935e-15,FAIL,False
3,3,0.06,1,0,2425.172623093739,0.04492177858312796,159.57091283287446,1.3292770434132604e-15,FAIL,False
3,3,0.08,1,0,2710.823108734933,0.04492177858312796,151.07052046484065,1.2351096305330538e-15,FAIL,False
3,3,0.1,1,0,2996.473594376127,0.04492177858312796,143.07028781246066,1.1481230296927166e-15,FAIL,False
3,4,0.05,1,0,2533.115687218934,0.07775654426728218,40.55305241854937,2.1139124458792398e-16,FAIL,False
3,4,0.06,1,0,2675.940930039531,0.0775725634323679,39.597692863285175,2.0473404864881235e-16,FAIL,False
3,4,0.08,1,0,2961.591415680725,0.07720747458125754,37.76108517638814,1.9209063083440467e-16,FAIL,False
3,4,0.1,1,0,3247.2419013219196,0.0768461665705128,36.01864051351219,1.8028832691136745e-16,FAIL,False
3,5,0.05,1,0,2783.883994164726,0.1305105611789985,13.166515436489947,4.670256245717773e-17,FAIL,False
3,5,0.06,1,0,2926.709236985323,0.13022870811782206,12.892355914850715,4.5401972704531965e-17,FAIL,False
3,5,0.08,1,0,3212.3597226265174,0.12966885696835084,12.3628615078295,4.2916910563277684e-17,FAIL,False
3,5,0.1,1,0,3498.0102082677113,0.12911408746481778,11.857419845601799,4.0578460276815696e-17,FAIL,False
3,6,0.05,1,0,3034.6523011105182,0.17154667868873258,4.844565309720499,1.2204677134314507e-17,FAIL,False
3,6,0.06,1,0,3177.477543931115,0.1712125084725281,4.75418522498711,1.1900045974701576e-17,FAIL,False
3,6,0.08,1,0,3463.1280295723095,0.17054823404518282,4.5789913877088555,1.1315193873853277e-17,FAIL,False
3,6,0.1,1,0,3748.778515213504,0.16988932620998953,4.410941520791135,1.0761338395289365e-17,FAIL,False
3,7,0.05,1,0,3285.420608056311,0.20437885900476838,1.9701055568021908,3.6478116000401535e-18,FAIL,False
3,7,0.06,1,0,3428.2458508769073,0.2040178495785988,1.9368150974291913,3.565317121983779e-18,FAIL,False
3,7,0.08,1,0,3713.8963365181016,0.2032997866210805,1.8720929428793238,3.4063239697509868e-18,FAIL,False
3,7,0.1,1,0,3999.5468221592964,0.20258695020062523,1.8097649956844812,3.254979625831548e-18,FAIL,False
3,8,0.05,1,0,3536.1889150021025,0.2312437250530055,0.869489837707735,1.2168625644098382e-18,FAIL,False
3,8,0.06,1,0,3679.0141578227,0.23087069213956524,0.8560627630591742,1.19170724489472e-18,FAIL,False
3,8,0.08,1,0,3964.6646434638938,0.23012834434158552,0.8298942600464901,1.1430694147205862e-18,FAIL,False
3,8,0.1,1,0,4250.315129105088,0.22939091287660496,0.8046115530987688,1.0965737362895092e-18,FAIL,False
3,9,0.05,1,0,3786.957221947895,0.25363260757311124,0.41081904188285195,4.4483121748891e-19,PASS,False
3,9,0.06,1,0,3929.782464768492,0.25325639099381814,0.4049780397737963,4.363629357426542e-19,PASS,False
3,9,0.08,1,0,4215.432950409686,0.2525073966476786,0.39357082601854987,4.199453617972899e-19,PASS,False
3,9,0.1,1,0,4501.083436050881,0.2517629525658788,0.3825195100279202,4.041945278750324e-19,PASS,False
3,10,0.05,1,0,4037.7255288936867,0.2725781076591077,0.20563100520830757,1.7570102966805767e-19,PASS,False
3,10,0.06,1,0,4180.550771714285,0.27220405405814163,0.20292215721515416,1.7260138530437133e-19,PASS,False
3,10,0.08,1,0,4466.201257355478,0.2714591040853399,0.19762260023998834,1.665782530659578e-19,PASS,False
3,10,0.1,1,0,4751.851742996672,0.2707183342246271,0.19247638003687068,1.6078204734051727e-19,PASS,False
3,11,0.05,1,0,4288.493835839479,0.28881788191241725,0.1081427987299261,7.41604186715853e-20,PASS,False
3,11,0.06,1,0,4431.319078660075,0.28844922762929237,0.10681569932967716,7.294146536145742e-20,PASS,False
3,11,0.08,1,0,4716.96956430127,0.287714809392291,0.10421544226763599,7.05681387431511e-20,PASS,False
3,11,0.1,1,0,5002.620049942464,0.28698421981457845,0.10168532746666152,6.827820141094463e-20,PASS,False
3,12,0.05,1,0,4539.262142785271,0.30289293102463455,0.059362672848812845,3.3154657654243624e-20,PASS,False
3,12,0.06,1,0,4682.087385605868,0.3025316044973019,0.05868085523256409,3.264454368970216e-20,PASS,False
3,12,0.08,1,0,4967.737871247063,0.30181159620357867,0.05734316870002359,3.1649626291343015e-20,PASS,False
3,12,0.1,1,0,5253.388356888257,0.30109509280062274,0.05603927847788915,3.06874585980861e-20,PASS,False
4,2,0.05,1,0,2303.5511551049426,0.2030507072526283,320.02383880240984,3.382777622256706e-15,FAIL,False
4,2,0.06,1,0,2446.37639792554,0.20258211592712994,310.3691809151443,3.2465109577812216e-15,FAIL,False
4,2,0.08,1,0,2732.026883566734,0.20165321578817202,292.0229552812553,2.9915724681611614e-15,FAIL,False
4,2,0.1,1,0,3017.677369207928,0.2007351972888745,274.88266501430854,2.7582894252872962e-15,FAIL,False
4,3,0.05,1,0,2554.3194620507347,0.11396809012766723,51.829639448040794,2.938373506691697e-16,FAIL,False
4,3,0.06,1,0,2697.144704871332,0.11378934029221333,50.58517202450672,2.8440675193339485e-16,FAIL,False
4,3,0.08,1,0,2982.7951905125265,0.11343460284745266,48.194697075886644,2.665146301061816e-16,FAIL,False
4,3,0.1,1,0,3268.4456761537203,0.11308350118642801,45.92919341614394,2.4983576071355467e-16,FAIL,False
4,4,0.05,1,0,2805.0877689965273,0.044921778583128014,12.747494922343012,4.471856408378979e-17,FAIL,False
4,4,0.06,1,0,2947.9130118171242,0.04492177858312796,12.486219992777507,4.3492671446465733e-17,FAIL,False
4,4,0.08,1,0,3233.563497458318,0.044921778583128014,11.981331929357411,4.114864761525171e-17,FAIL,False
4,4,0.1,1,0,3519.2139830995125,0.04492177858312796,11.499025952913133,3.894080198022973e-17,FAIL,False
4,5,0.05,1,0,3055.856075942319,0.06231378118644343,4.259096191891545,1.026705571836618e-17,FAIL,False
4,5,0.06,1,0,3198.6813187629164,0.062201663773910176,4.18075603575361,1.0014380457675977e-17,FAIL,False
4,5,0.08,1,0,3484.3318044041107,0.061978797557726895,4.028833334398491,9.528996372909008e-18,FAIL,False
4,5,0.1,1,0,3769.9822900453046,0.061757737665828594,3.8830199597036854,9.068983566387078e-18,FAIL,False
4,6,0.05,1,0,3306.6243828881115,0.10619331937210541,1.7532330846922033,3.1192419381943788e-18,FAIL,False
4,6,0.06,1,0,3449.4496257087085,0.10601175424938225,1.7239851673399869,3.0495980964383702e-18,FAIL,False
4,6,0.08,1,0,3735.100111349903,0.10565061937994191,1.6671017333137705,2.9153085180795043e-18,FAIL,False
4,6,0.1,1,0,4020.7505969910967,0.10529212073531835,1.6122960930639287,2.7873985960043254e-18,FAIL,False
4,7,0.05,1,0,3557.3926898339037,0.1420763842064029,0.7816078312972058,1.0547010558653626e-18,FAIL,False
4,7,0.06,1,0,3700.2179326545006,0.14185136945466814,0.7696787193114821,1.0331517380382185e-18,FAIL,False
4,7,0.08,1,0,3985.868418295695,0.14140358863341362,0.7464225968631594,9.914695977298879e-19,FAIL,False
4,7,0.1,1,0,4271.518903936889,0.14095878116892513,0.7239446252408903,9.516022385087162e-19,FAIL,False
4,8,0.05,1,0,3808.160996779696,0.17196631396824286,0.37243776075233465,3.899606696776552e-19,PASS,False
4,8,0.06,1,0,3950.986239600293,0.1717142756806599,0.3671994065495103,3.826166020691756e-19,PASS,False
4,8,0.08,1,0,4236.6367252414875,0.17121250847252817,0.3569665061318244,3.683737719271315e-19,PASS,False
4,8,0.1,1,0,4522.287210882681,0.17071379698071942,0.3470494751421243,3.5470324946594505e-19,PASS,False
4,9,0.05,1,0,4058.929303725488,0.19724883426021422,0.18777106199937213,1.555286146811219e-19,PASS,False
4,9,0.06,1,0,4201.754546546085,0.1969804465843824,0.18532215487793136,1.5281214213370307e-19,PASS,False
4,9,0.08,1,0,4487.40503218728,0.19644594167135165,0.18053008523481198,1.4753205410406376e-19,PASS,False
4,9,0.1,1,0,4773.055517828474,0.19591444272885616,0.17587530215247893,1.4244894581353181e-19,PASS,False
4,10,0.05,1,0,4309.69761067128,0.21891303294183595,0.09936747620564092,6.619741276871421e-20,PASS,False
4,10,0.06,1,0,4452.522853491877,0.21863538303703023,0.09815940032159044,6.511943808337822e-20,PASS,False
4,10,0.08,1,0,4738.173339133071,0.21808226460618851,0.09579189884979324,6.302007398775848e-20,PASS,False
4,10,0.1,1,0,5023.823824774266,0.21753203568769308,0.09348767377462376,6.099379777303052e-20,PASS,False
4,11,0.05,1,0,4560.465917617072,0.23768379588650457,0.05484275055662604,2.9811227766671254e-20,PASS,False
4,11,0.06,1,0,4703.2911604376695,0.23740166462209988,0.054218330591694515,2.935654050061256e-20,PASS,False
4,11,0.08,1,0,4988.941646078863,0.2368394712011036,0.05299304926077413,2.846953177076338e-20,PASS,False
4,11,0.1,1,0,5274.592131720057,0.23628001977106194,0.05179845758568822,2.761147009061036e-20,PASS,False
4,12,0.05,1,0,4811.234224562864,0.25410450074514945,0.03140434511336553,1.4105493493627716e-20,PASS,False
4,12,0.06,1,0,4954.059467383462,0.2538211480185535,0.031068135907289036,1.3903175558737317e-20,PASS,False
4,12,0.08,1,0,5239.709953024656,0.25325639099381814,0.030407649066420135,1.3507902482935598e-20,PASS,False
4,12,0.1,1,0,5525.36043866585,0.25269421702101547,0.029762727055088138,1.3124768832876556e-20,PASS,False
5,2,0.05,1,0,2575.523236882536,0.24700551070110477,115.19230702126109,8.583224136887627e-16,FAIL,False
5,2,0.06,1,0,2718.348479703133,0.24649508377472507,111.9763218629993,8.263133576888081e-16,FAIL,False
5,2,0.08,1,0,3003.998965344327,0.24548192651766582,105.84397162475761,7.661502074773234e-16,FAIL,False
5,2,0.1,1,0,3289.6494509855215,0.2444789030831248,100.08820332442798,7.107558235477188e-16,FAIL,False
5,3,0.05,1,0,2826.291543828328,0.1648225680979648,19.83904377063827,8.09698285142379e-17,FAIL,False
5,3,0.06,1,0,2969.116786648925,0.1645529637370814,19.405196008755244,7.860212001901485e-17,FAIL,False
5,3,0.08,1,0,3254.7672722901198,0.16401737606376032,18.568882611740296,7.408913273063243e-17,FAIL,False
5,3,0.1,1,0,3540.4177579313136,0.16348656265788564,17.772567505237483,6.985612772425913e-17,FAIL,False
5,4,0.05,1,0,3077.0598507741206,0.09893033969374243,5.247783332985095,1.3587191650528896e-17,FAIL,False
5,4,0.06,1,0,3219.8850935947175,0.09882091008796823,5.149973880929976,1.3248373970949285e-17,FAIL,False
5,4,0.08,1,0,3505.5355792359114,0.09860337583400214,4.960376354624607,1.2597873547895468e-17,FAIL,False
5,4,0.1,1,0,3791.1860648771058,0.09838759043691708,4.778506781796832,1.1981829893207646e-17,FAIL,False
5,5,0.05,1,0,3327.8281577199123,0.044921778583128014,1.7468247577831852,3.1039484497140477e-18,FAIL,False
5,5,0.06,1,0,3470.653400540509,0.04492177858312796,1.7180507549718222,3.035516394212582e-18,FAIL,False
5,5,0.08,1,0,3756.303886181704,0.04492177858312807,1.662069216371847,2.9035023882936245e-18,FAIL,False
5,5,0.1,1,0,4041.954371822898,0.04492177858312796,1.6081071499722077,2.777682541683843e-18,FAIL,False
5,6,0.05,1,0,3578.596464665705,0.052431930074991584,0.7034848667219512,9.156805682351848e-19,FAIL,False
5,6,0.06,1,0,3721.421707486302,0.05235652362450938,0.6928719334586165,8.971869107947785e-19,PASS,True
5,6,0.08,1,0,4007.072193127496,0.052206466302996524,0.6721756061558398,8.614013822728338e-19,PASS,False
5,6,0.1,1,0,4292.7226787686905,0.052057408036562,0.6521638978027928,8.271562654084247e-19,PASS,False
5,7,0.05,1,0,3829.364771611497,0.08989962447337296,0.33799951171083864,3.4234401428700173e-19,PASS,False
5,7,0.06,1,0,3972.1900144320934,0.08977298719747273,0.3332961128581552,3.3596513482219266e-19,PASS,False
5,7,0.08,1,0,4257.840500073288,0.08952087582441598,0.32410591250775916,3.2359008793885087e-19,PASS,False
5,7,0.1,1,0,4543.490985714483,0.08927030352154364,0.31519641445506,3.117070968667331e-19,PASS,False
5,8,0.05,1,0,4080.133078557289,0.12157876377215748,0.17161811112468553,1.37840125937578e-19,PASS,False
5,8,0.06,1,0,4222.958321377886,0.12141700233259689,0.16940196920438869,1.3545631876081205e-19,PASS,False
5,8,0.08,1,0,4508.60880701908,0.12109485096459394,0.1650644406048951,1.308215316077719e-19,PASS,False
5,8,0.1,1,0,4794.259292660275,0.12077451539394057,0.16084996369969148,1.2635797039084062e-19,PASS,False
5,9,0.05,1,0,4330.901385503081,0.14871460564300043,0.09137624173812471,5.915199628736598e-20,PASS,False
5,9,0.06,1,0,4473.726628323679,0.14852872804134465,0.09027555209101858,5.819760389378272e-20,PASS,False
5,9,0.08,1,0,4759.3771139648725,0.1481584362547938,0.08811809286432781,5.633846033497301e-20,PASS,False
5,9,0.1,1,0,5045.027599606066,0.14779008292243323,0.0860177708178402,5.454345424257356e-20,PASS,False
5,10,0.05,1,0,4581.669692448873,0.17221912677600032,0.05070199210289536,2.6829826448068057e-20,PASS,False
5,10,0.06,1,0,4724.49493526947,0.1720168144540749,0.050129699319054595,2.642413688115293e-20,PASS,False
5,10,0.08,1,0,5010.145420910665,0.17161367643449327,0.049006520404116405,2.5632542721595537e-20,PASS,False
5,10,0.1,1,0,5295.795906551859,0.17121250847252817,0.04791123342511168,2.4866561950312246e-20,PASS,False
5,11,0.05,1,0,4832.437999394666,0.1927755295586473,0.029169911537154092,1.2775086493669566e-20,PASS,False
5,11,0.06,1,0,4975.263242215262,0.19256223419632584,0.028860159257972022,1.2593335837227175e-20,PASS,False
5,11,0.08,1,0,5260.913727856457,0.1921371128464342,0.028251558594535556,1.2238177806386785e-20,PASS,False
5,11,0.1,1,0,5546.564213497651,0.19171393944152793,0.027657184678552674,1.1893839803993728e-20,PASS,False
5,12,0.05,1,0,5083.206306340458,0.21090574528370043,0.01732779158802367,6.3498586748090076e-21,PASS,False
5,12,0.06,1,0,5226.0315491610545,0.2106853892178016,0.017154077633983463,6.264561884082817e-21,PASS,False
5,12,0.08,1,0,5511.682034802249,0.21024610580925973,0.01681242466777869,6.097666693377353e-21,PASS,False
5,12,0.1,1,0,5797.332520443443,0.20980871709457033,0.016478315656425904,5.935575238019827e-21,PASS,False
6,2,0.05,1,0,2847.495318660129,0.2796256029052536,49.4978297129315,2.762315320082294e-16,FAIL,False
6,2,0.06,1,0,2990.320561480726,0.27910905105243766,48.185796446489434,2.6644856787800477e-16,FAIL,False
6,2,0.08,1,0,3275.9710471219205,0.27808273862432537,45.67892844893724,2.4801024880691845e-16,FAIL,False
6,2,0.1,1,0,3561.621532763115,0.27706538245782153,43.319656314629924,2.3097077701245905e-16,FAIL,False
6,3,0.05,1,0,3098.2636256059213,0.2038379135084123,8.762808310116231,2.7039512327592242e-17,FAIL,False
6,3,0.06,1,0,3241.0888684265183,0.20352209233588942,8.584477895169774,2.6303502529222728e-17,FAIL,False
6,3,0.08,1,0,3526.739354067713,0.20289420095552846,8.239881715942325,2.4896112858703493e-17,FAIL,False
6,3,0.1,1,0,3812.389839708907,0.2022712615569499,7.9107053576768775,2.357037370834017e-17,FAIL,False
6,4,0.05,1,0,3349.031932551714,0.14147946098642572,2.428292799027871,4.829717053534798e-18,FAIL,False
6,4,0.06,1,0,3491.8571753723104,0.14130453809231025,2.3864183978647313,4.718260552024658e-18,FAIL,False
6,4,0.08,1,0,3777.5076610135047,0.14095658677107026,2.3050601761164287,4.503625334738254e-18,FAIL,False
6,4,0.1,1,0,4063.158146654699,0.1406111386904435,2.226778519432944,4.299538885591805e-18,FAIL,False
6,5,0.05,1,0,3599.8002394975056,0.08927134791614716,0.8486895692159516,1.1779509234737983e-18,FAIL,False
6,5,0.06,1,0,3742.6254823181025,0.08919753271046094,0.8357569789783498,1.1539211000231282e-18,FAIL,False
6,5,0.08,1,0,4028.2759679592973,0.08905063699942317,0.8105437528694497,1.1074389539178765e-18,FAIL,False
6,5,0.1,1,0,4313.926453600491,0.0889047127905358,0.7861731302823692,1.0629779502007227e-18,FAIL,False
6,6,0.05,1,0,3850.568546443298,0.04492177858312807,0.3432728327163569,3.495320333134536e-19,PASS,False
6,6,0.06,1,0,3993.393789263895,0.044921778583128014,0.33854634085462404,3.430876203294684e-19,PASS,False
6,6,0.08,1,0,4279.044274905089,0.044921778583128014,0.3293087428867534,3.3058141282496515e-19,PASS,False
6,6,0.1,1,0,4564.694760546283,0.04492177858312796,0.3203503608155777,3.185673296821925e-19,PASS,False
6,7,0.05,1,0,4101.33685338909,0.04556557825198926,0.15699439885577451,1.223094187471358e-19,PASS,False
6,7,0.06,1,0,4244.162096209687,0.045511413174355475,0.15498691646111246,1.2021483390731165e-19,PASS,False
6,7,0.08,1,0,4529.8125818508815,0.045403543300072735,0.15105695168150854,1.1614124644213377e-19,PASS,False
6,7,0.1,1,0,4815.463067492075,0.04529628280010067,0.1472373987339115,1.1221670389025926e-19,PASS,False
6,8,0.05,1,0,4352.105160334882,0.07822074671963808,0.08409271643624915,5.291135213855305e-20,PASS,False
6,8,0.06,1,0,4494.930403155479,0.07812741663067468,0.08308900598831903,5.20654246727063e-20,PASS,False
6,8,0.08,1,0,4780.580888796674,0.07794149278183343,0.08112127223071043,5.041717164795104e-20,PASS,False
6,8,0.1,1,0,5066.231374437868,0.07775654426728218,0.07920518050497924,4.882526938311675e-20,PASS,False
6,9,0.05,1,0,4602.873467280675,0.10649741870914042,0.04690570243529316,2.416860509515165e-20,PASS,False
6,9,0.06,1,0,4745.698710101271,0.10637555452922187,0.046380789915318674,2.380627631763991e-20,PASS,False
6,9,0.08,1,0,5031.349195742467,0.1061327233989745,0.045350432242079936,2.3099139250731832e-20,PASS,False
6,9,0.1,1,0,5316.999681383661,0.10589108125294228,0.044345444713435635,2.2414689731046595e-20,PASS,False
6,10,0.05,1,0,4853.641774226467,0.131220887045908,0.02711073077125358,1.1579488782882154e-20,PASS,False
6,10,0.06,1,0,4996.467017047064,0.1310781667186317,0.026825163264119316,1.1416072213352819e-20,PASS,False
6,10,0.08,1,0,5282.117502688257,0.1307937110557098,0.026264000274869224,1.1096680823341092e-20,PASS,False
6,10,0.1,1,0,5567.767988329452,0.1305105611789985,0.025715850461894427,1.0786942464426935e-20,PASS,False
6,11,0.05,1,0,5104.410081172258,0.15302129553433097,0.016170749747299734,5.787351547503524e-21,PASS,False
6,11,0.06,1,0,5247.235323992855,0.15286335323448608,0.016009868502022146,5.7102011850822495e-21,PASS,False
6,11,0.08,1,0,5532.88580963405,0.15254849445269592,0.015693413869191257,5.559220386546974e-21,PASS,False
6,11,0.1,1,0,5818.536295275244,0.15223499604123686,0.01538389410883755,5.412552607141329e-21,PASS,False
6,12,0.05,1,0,5355.178388118051,0.17238810070168453,0.009919889483177615,3.0035094625870622e-21,PASS,False
6,12,0.06,1,0,5498.003630938648,0.17221912677600032,0.009826385745905383,2.9655715805358695e-21,PASS,False
6,12,0.08,1,0,5783.654116579843,0.17188221532386283,0.009642301800661687,2.8912431817170002e-21,PASS,False
6,12,0.1,1,0,6069.3046022210365,0.17154667868873258,0.00946204162054785,2.81892776580451e-21,PASS,False
7,2,0.05,1,0,3119.4674004377225,0.30479460203279896,24.26553276629575,1.0610263831540726e-16,FAIL,False
7,2,0.06,1,0,3262.2926432583195,0.30428785118166246,23.643773772092104,1.0246965264927808e-16,FAIL,False
7,2,0.08,1,0,3547.943128899514,0.30328025541773185,22.454453632910646,9.561153448273075e-17,FAIL,False
7,2,0.1,1,0,3833.593614540708,0.302280458055459,21.333453603843925,8.926012450961583e-17,FAIL,False
7,3,0.05,1,0,3370.2357073835146,0.23471736068785054,4.32328557887537,1.0475279815610323e-17,FAIL,False
7,3,0.06,1,0,3513.0609502041116,0.23437942915716425,4.240036685015855,1.020543431983627e-17,FAIL,False
7,3,0.08,1,0,3798.7114358453064,0.23370716341357334,4.078899488979389,9.688274640010735e-18,FAIL,False
7,3,0.1,1,0,4084.3619214865003,0.23303965169542717,3.924626342417903,9.199650904692843e-18,FAIL,False
7,4,0.05,1,0,3621.004014329307,0.1758664944781636,1.2330089563427833,1.9447283771902958e-18,FAIL,False
7,4,0.06,1,0,3763.8292571499037,0.1756519915860345,1.213059848021564,1.902613810077698e-18,FAIL,False
7,4,0.08,1,0,4049.479742791098,0.17522508720334162,1.1742334762779565,1.8213274680169105e-18,FAIL,False
7,4,0.1,1,0,4335.130228432292,0.1748009618898384,1.1367893082922333,1.743801156221061e-18,FAIL,False
7,5,0.05,1,0,3871.772321275099,0.1257443659780766,0.446097039276887,4.968420273148811e-19,PASS,False
7,5,0.06,1,0,4014.597564095696,0.1256217726833001,0.4397348853152879,4.873544983733634e-19,PASS,False
7,5,0.08,1,0,4300.248049736891,0.1253776984308831,0.4273112114815116,4.689632724061597e-19,PASS,False
7,5,0.1,1,0,4585.8985353780845,0.12513509611438195,0.41527684045284197,4.513219433966632e-19,PASS,False
7,6,0.05,1,0,4122.540628220891,0.08254308357905726,0.186828821769494,1.5448198213722091e-19,PASS,False
7,6,0.06,1,0,4265.365871041488,0.08248995301724993,0.1844205474193915,1.518151072150637e-19,PASS,False
7,6,0.08,1,0,4551.016356682683,0.08238414082637402,0.17970681155885926,1.4662972265290434e-19,PASS,False
7,6,0.1,1,0,4836.666842323877,0.08227892300953399,0.17512659579004722,1.416356031205336e-19,PASS,False
7,7,0.05,1,0,4373.308935166684,0.04492177858312796,0.08658146877115505,5.502375288455383e-20,PASS,False
7,7,0.06,1,0,4516.13417798728,0.04492177858312796,0.08555739874419019,5.4151992364578835e-20,PASS,False
7,7,0.08,1,0,4801.784663628475,0.04492177858312796,0.08354938691416866,5.245300226217659e-20,PASS,False
7,7,0.1,1,0,5087.43514926967,0.04492177858312796,0.0815936026080331,5.081157985985892e-20,PASS,False
7,8,0.05,1,0,4624.077242112476,0.04051715486042806,0.04342262112632594,2.1790853651373433e-20,PASS,False
7,8,0.06,1,0,4766.902484933073,0.04047637359999423,0.04294080962915393,2.146693763175905e-20,PASS,False
7,8,0.08,1,0,5052.5529705742665,0.04039511192111944,0.041994904795998295,2.0834636926051506e-20,PASS,False
7,8,0.1,1,0,5338.203456215461,0.04031424890506036,0.04107209500496958,2.02224529799432e-20,PASS,False
7,9,0.05,1,0,4874.845549058267,0.06943932531173891,0.025211800969773473,1.0504109702358476e-20,PASS,False
7,9,0.06,1,0,5017.670791878865,0.06936770199089787,0.024948357296416798,1.0357051726787796e-20,PASS,False
7,9,0.08,1,0,5303.321277520059,0.06922495056920674,0.024430596310336457,1.0069579524414098e-20,PASS,False
7,9,0.1,1,0,5588.971763161253,0.06908285564506961,0.02392474698598334,9.790727128946941e-21,PASS,False
7,10,0.05,1,0,5125.61385600406,0.09493609300545247,0.01509891709782665,5.2784041546799395e-21,PASS,False
7,10,0.06,1,0,5268.439098824657,0.09484099885756869,0.014949833465041808,5.2085688125274466e-21,PASS,False
7,10,0.08,1,0,5554.089584465852,0.09465142925538306,0.014656547883143833,5.071880768221996e-21,PASS,False
7,10,0.1,1,0,5839.7400701070455,0.09446268011510484,0.014369641344667627,4.939068325541431e-21,PASS,False
7,11,0.05,1,0,5376.3821629498525,0.1175819691122123,0.00929588746628961,2.7526873962889455e-21,PASS,False
7,11,0.06,1,0,5519.2074057704485,0.11746895087187359,0.009208892466920965,2.7181660830495756e-21,PASS,False
7,11,0.08,1,0,5804.857891411643,0.11724360871837558,0.009037603124074913,2.6505214717783777e-21,PASS,False
7,11,0.1,1,0,6090.508377052837,0.11701918760458446,0.008869846531247692,2.584695873339735e-21,PASS,False
7,12,0.05,1,0,5627.150469895644,0.13782979062726208,0.005866929000701939,1.4841352594552844e-21,PASS,False
7,12,0.06,1,0,5769.975712716241,0.13770307479683008,0.005814747296661591,1.46644465870184e-21,PASS,False
7,12,0.08,1,0,6055.626198357436,0.13745038051621616,0.005711923821246459,1.4317445920175739e-21,PASS,False
7,12,0.1,1,0,6341.27668399863,0.1371986646507916,0.005611116657315958,1.3979318536460698e-21,PASS,False
8,2,0.05,1,0,3391.4394822153154,0.32480379212594546,13.165078356944889,4.6695720710677727e-17,FAIL,False
8,2,0.06,1,0,3534.2647250359128,0.3243138685870781,12.834825293570164,4.5130245036007444e-17,FAIL,False
8,2,0.08,1,0,3819.915210677107,0.32333914912061984,12.202744717163355,4.2172513807960224e-17,FAIL,False
8,2,0.1,1,0,4105.565696318301,0.3223712070472495,11.606508675332366,3.9430129406472544e-17,FAIL,False
8,3,0.05,1,0,3642.2077891611075,0.2597654980186328,2.3286823197074353,4.565681209219944e-18,FAIL,False
8,3,0.06,1,0,3785.033031981705,0.2594190286480239,2.285700693705064,4.45292948342305e-18,FAIL,False
8,3,0.08,1,0,4070.6835176228988,0.2587294315478741,2.202407408436215,4.236497091415707e-18,FAIL,False
8,3,0.1,1,0,4356.334003264094,0.2580442542732555,2.1225370852654724,4.031572592162779e-18,FAIL,False
8,4,0.05,1,0,3892.9760961068996,0.20423446315614857,0.675130313765268,8.664875183372035e-19,PASS,False
8,4,0.06,1,0,4035.801338927497,0.20399629623633697,0.6647643004003968,8.486774940528007e-19,PASS,False
8,4,0.08,1,0,4321.451824568691,0.20352209233588936,0.6445628296303813,8.142422694991015e-19,PASS,False
8,4,0.1,1,0,4607.102310209885,0.2030507072526283,0.6250465601609567,7.813238859150844e-19,PASS,False
8,5,0.05,1,0,4143.744403052692,0.15626802769653736,0.2502522428725474,2.2869233446664063e-19,PASS,False
8,5,0.06,1,0,4286.569645873289,0.15611289088118846,0.24687910400349383,2.2456446003225173e-19,PASS,False
8,5,0.08,1,0,4572.220131514483,0.15580391054339754,0.2402837840059101,2.1654924127474423e-19,PASS,False
8,5,0.1,1,0,4857.870617155677,0.15549664264990848,0.23388424106781266,2.0884357610651432e-19,PASS,False
8,6,0.05,1,0,4394.512709998484,0.11441905084388881,0.10760246376004202,7.366349441231936e-20,PASS,False
8,6,0.06,1,0,4537.337952819082,0.11432838805939016,0.10629305004558492,7.24628242203905e-20,PASS,False
8,6,0.08,1,0,4822.988438460276,0.1141477702894087,0.10372705310109737,7.012461356307479e-20,PASS,False
8,6,0.1,1,0,5108.6389241014695,0.11396809012766723,0.10122976454695468,6.786793762064414e-20,PASS,False
8,7,0.05,1,0,4645.281016944276,0.0775873901494234,0.05118344480331257,2.7172337438080697e-20,PASS,False
8,7,0.06,1,0,4788.106259764873,0.07754732755395027,0.05061170206034595,2.67657166048294e-20,PASS,False
8,7,0.08,1,0,5073.756745406068,0.07746749644920548,0.049489386110514684,2.5972104366931567e-20,PASS,False
8,7,0.1,1,0,5359.407231047262,0.0773880550665964,0.048394659521884736,2.5203911729168068e-20,PASS,False
8,8,0.05,1,0,4896.049323890069,0.04492177858312796,0.026225906544085277,1.1075083381091575e-20,PASS,False
8,8,0.06,1,0,5038.874566710666,0.04492177858312796,0.025954038306999765,1.0921258498858885e-20,PASS,False
8,8,0.08,1,0,5324.52505235186,0.04492177858312796,0.025419645794073364,1.0620503573763722e-20,PASS,False
8,8,0.1,1,0,5610.175537993055,0.044921778583128014,0.024897451020201196,1.032869616749461e-20,PASS,False
8,9,0.05,1,0,5146.817630835861,0.036649091517482746,0.014237530961652773,4.8782162563470525e-21,PASS,False
8,9,0.06,1,0,5289.642873656458,0.03661728330757702,0.014099496765940403,4.814841708291002e-21,PASS,False
8,9,0.08,1,0,5575.293359297652,0.03655387419399381,0.013827867315029913,4.6907509168211155e-21,PASS,False
8,9,0.1,1,0,5860.943844938846,0.03649073999075403,0.013562040458375824,4.57011589168518e-21,PASS,False
8,10,0.05,1,0,5397.585937781652,0.0625960931918132,0.008715195015200577,2.524388651707875e-21,PASS,False
8,10,0.06,1,0,5540.41118060225,0.06253939868555908,0.00863421384041361,2.492954978489317e-21,PASS,False
8,10,0.08,1,0,5826.061666243444,0.06242635854495526,0.00847474768024522,2.4313516302158318e-21,PASS,False
8,10,0.1,1,0,6111.712151884638,0.06231378118644343,0.008318547249788174,2.3713932059858594e-21,PASS,False
8,11,0.05,1,0,5648.354244727445,0.08579120534480111,0.005518091405469234,1.3669131459934422e-21,PASS,False
8,11,0.06,1,0,5791.179487548042,0.0857149396517326,0.00546934384054527,1.3507296956799293e-21,PASS,False
8,11,0.08,1,0,6076.829973189237,0.0855628527553578,0.005373277626167031,1.318981721709445e-21,PASS,False
8,11,0.1,1,0,6362.4804588304305,0.08541135563917612,0.005279082592672692,1.2880401629031557e-21,PASS,False
8,12,0.05,1,0,5899.1225516732375,0.10665017171526825,0.0035718647066774896,7.624359117715688e-22,PASS,False
8,12,0.06,1,0,6041.947794493834,0.10655846343655528,0.0035417920598330415,7.538323724179653e-22,PASS,False
8,12,0.08,1,0,6327.598280135029,0.10637555452922187,0.003482487060177681,7.369389850519925e-22,PASS,False
8,12,0.1,1,0,6613.248765776223,0.10619331937210541,0.0034242833685394596,7.204547577187403e-22,PASS,False
9,2,0.05,1,0,3663.411563992909,0.3410923451396817,7.737756885811914,2.2881314069952667e-17,FAIL,False
9,2,0.06,1,0,3806.236806813506,0.3406220331884048,7.5460002298147915,2.212346089646592e-17,FAIL,False
9,2,0.08,1,0,4091.8872924547004,0.33968587616569834,7.178912344906593,2.0691072322406322e-17,FAIL,False
9,2,0.1,1,0,4377.537778095895,0.3387556279925922,6.832536263690541,1.9362279621937007e-17,FAIL,False
9,3,0.05,1,0,3914.1798709387012,0.2804916052085088,1.3468166931541927,2.1893882551298358e-18,FAIL,False
9,3,0.06,1,0,4057.005113759298,0.28014443853428217,1.3227451106115775,2.1370272613070088e-18,FAIL,False
9,3,0.08,1,0,4342.655599400493,0.27945316594713177,1.2760594059536432,2.036405774034401e-18,FAIL,False
9,3,0.1,1,0,4628.306085041687,0.27876594447968095,1.2312436582016797,1.940992188778263e-18,FAIL,False
9,4,0.05,1,0,4164.948177884494,0.2280365408758509,0.39344555047329877,4.1976595579835144e-19,PASS,False
9,4,0.06,1,0,4307.773420705091,0.22778479075781055,0.3876584834137981,4.1149972474312096e-19,PASS,False
9,4,0.08,1,0,4593.423906346285,0.22728336149618694,0.37636932204642803,3.9549593610804294e-19,PASS,False
9,4,0.1,1,0,4879.0743919874785,0.22678467465618501,0.3654486004889853,3.8016996547284717e-19,PASS,False
9,5,0.05,1,0,4415.7164848302855,0.18218822310875393,0.14827281054178035,1.132771738712291e-19,PASS,False
9,5,0.06,1,0,4558.541727650882,0.18201137543438367,0.14636825803590292,1.1132849641186414e-19,PASS,False
9,5,0.08,1,0,4844.192213292077,0.18165904362589058,0.1426405893905359,1.075395913201318e-19,PASS,False
9,5,0.1,1,0,5129.842698933271,0.18130851821962846,0.13901866061535123,1.0389047365624665e-19,PASS,False
9,6,0.05,1,0,4666.484791776078,0.14177241437344967,0.06502850099730678,3.746998530243176e-20,PASS,False
9,6,0.06,1,0,4809.310034596675,0.14165501996217356,0.06427604305416164,3.688918945776303e-20,PASS,False
9,6,0.08,1,0,5094.96052023787,0.14142108285023725,0.06280003820970374,3.575667530726246e-20,PASS,False
9,6,0.1,1,0,5380.611005879064,0.14118827450317156,0.06136167741955903,3.4661772843397287e-20,PASS,False
9,7,0.05,1,0,4917.253098721871,0.10587758123126578,0.031575481067500126,1.4208762148406443e-20,PASS,False
9,7,0.06,1,0,5060.078341542467,0.10580782334996786,0.03124026785938999,1.400666493327284e-20,PASS,False
9,7,0.08,1,0,5345.728827183661,0.10566878547950476,0.030581647002650272,1.3611750470378272e-20,PASS,False
9,7,0.1,1,0,5631.379312824856,0.10553038116916447,0.029938428936150445,1.3228870500948516e-20,PASS,False
9,8,0.05,1,0,5168.021405667662,0.07378531948685485,0.016509879983625162,5.9508408149184885e-21,PASS,False
9,8,0.06,1,0,5310.846648488259,0.07375403574371797,0.016347156242610482,5.872249398545553e-21,PASS,False
9,8,0.08,1,0,5596.497134129453,0.07369167125867165,0.016027028321048808,5.718417562824969e-21,PASS,False
9,8,0.1,1,0,5882.147619770648,0.07362957598144149,0.015713851842737544,5.568940144760745e-21,PASS,False
9,9,0.05,1,0,5418.789712613454,0.04492177858312796,0.009138486564159568,2.6903091947006474e-21,PASS,False
9,9,0.06,1,0,5561.614955434052,0.04492177858312796,0.009054171205187546,2.6570454252421082e-21,PASS,False
9,9,0.08,1,0,5847.265441075246,0.04492177858312796,0.008888121204149139,2.5918461096015957e-21,PASS,False
9,9,0.1,1,0,6132.91592671644,0.04492177858312796,0.008725447971547475,2.5283755947949986e-21,PASS,False
9,10,0.05,1,0,5669.5580195592465,0.03359075127417588,0.005294603540576526,1.293125642359997e-21,PASS,False
9,10,0.06,1,0,5812.3832623798435,0.03356525027742863,0.005248593672853614,1.2780652877806625e-21,PASS,False
9,10,0.08,1,0,6098.033748021038,0.03351439713866872,0.005157900803540273,1.2485112546788927e-21,PASS,False
9,10,0.1,1,0,6383.684233662232,0.033463741509321965,0.005068945987401024,1.2196958344451287e-21,PASS,False
9,11,0.05,1,0,5920.326326505039,0.057113145914184704,0.0033705177249321507,7.053123873928853e-22,PASS,False
9,11,0.06,1,0,6063.151569325635,0.05706715629919423,0.0033423217877068885,6.974042791453866e-22,PASS,False
9,11,0.08,1,0,6348.80205496683,0.056975432019107375,0.0032867127506298823,6.818745662199226e-22,PASS,False
9,11,0.1,1,0,6634.452540608024,0.056884046104719865,0.003232129830540409,6.667186038720078e-22,PASS,False
9,12,0.05,1,0,6171.094633450831,0.07837684566443665,0.002231741579256875,4.0555801089232943e-22,PASS,False
9,12,0.06,1,0,6313.919876271428,0.0783143235494067,0.0022139042560069037,4.012132309284633e-22,PASS,False
9,12,0.08,1,0,6599.5703619126225,0.07818960932257352,0.0021787028637504174,3.926741067852691e-22,PASS,False
9,12,0.1,1,0,6885.220847553816,0.07806533316808872,0.0021441222702711506,3.8433142108611513e-22,PASS,False
10,2,0.05,1,0,3935.383645770502,0.35460974333095374,4.850931621630808,1.2226208988670497e-17,FAIL,False
10,2,0.06,1,0,4078.2088885910994,0.35415973806061285,4.731404357578962,1.1823572536946605e-17,FAIL,False
10,2,0.08,1,0,4363.859374232294,0.35326363954665685,4.502591849301538,1.1062519564308927e-17,FAIL,False
10,2,0.1,1,0,4649.509859873488,0.3523727193904208,4.286690861806136,1.035643947875072e-17,FAIL,False
10,3,0.05,1,0,4186.1519527162945,0.2979254797460281,0.8260257846161041,1.1359233455318994e-18,FAIL,False
10,3,0.06,1,0,4328.9771955368915,0.29758219342399594,0.8116147240786834,1.109403416238499e-18,FAIL,False
10,3,0.08,1,0,4614.627681178085,0.2968984079305097,0.7836498020007368,1.0584011127384718e-18,FAIL,False
10,3,0.1,1,0,4900.27816681928,0.2962183135623818,0.7567852082145337,1.009988515539551e-18,FAIL,False
10,4,0.05,1,0,4436.920259662086,0.24829295953652436,0.24159942585429767,2.181421853144571e-19,PASS,False
10,4,0.06,1,0,4579.745502482683,0.24803415909276205,0.23816857761688243,2.139944616396179e-19,PASS,False
10,4,0.08,1,0,4865.395988123878,0.24751852921126571,0.23147075516110924,2.0595608878073365e-19,PASS,False
10,4,0.1,1,0,5151.046473765072,0.24700551070110477,0.22498497465090056,1.9824767647124613e-19,PASS,False
10,5,0.05,1,0,4687.688566607879,0.20447334431399738,0.09203011150226478,5.972082617120979e-20,PASS,False
10,5,0.06,1,0,4830.513809428476,0.2042821821459861,0.09089562458364586,5.87347732194447e-20,PASS,False
10,5,0.08,1,0,5116.16429506967,0.20390122873795613,0.08867334725455067,5.681546615339557e-20,PASS,False
10,5,0.1,1,0,5401.8147807108635,0.20352209233588936,0.08651175854624081,5.496429816688294e-20,PASS,False
10,6,0.05,1,0,4938.45687355367,0.16550192552070753,0.04096049890772745,2.0148737562496965e-20,PASS,False
10,6,0.06,1,0,5081.282116374268,0.16536543885542465,0.040506989717471006,1.984987772946107e-20,PASS,False
10,6,0.08,1,0,5366.932602015462,0.16509339038024173,0.03961667564882949,1.9266498265387863e-20,PASS,False
10,6,0.1,1,0,5652.583087656656,0.1648225680979648,0.03874813236452787,1.8701690776356192e-20,PASS,False
10,7,0.05,1,0,5189.225180499463,0.13061627491929823,0.02021401208722047,7.808564751179942e-21,PASS,False
10,7,0.06,1,0,5332.05042332006,0.13052435514000016,0.020008929753500545,7.702415951966175e-21,PASS,False
10,7,0.08,1,0,5617.700908961255,0.13034110589879233,0.019605675225670163,7.49478130480072e-21,PASS,False
10,7,0.1,1,0,5903.351394602449,0.13015863954412993,0.019211444762901562,7.293200931123804e-21,PASS,False
10,8,0.05,1,0,5439.993487445256,0.09920586762423633,0.010745053045284196,3.3435393426324664e-21,PASS,False
10,8,0.06,1,0,5582.8187302658525,0.09915053736779567,0.010643865498415726,3.3013456497673094e-21,PASS,False
10,8,0.08,1,0,5868.469215907046,0.09904021454603018,0.010444652966064893,3.2186783315399243e-21,PASS,False
10,8,0.1,1,0,6154.119701548241,0.09893033969374243,0.010249576822236513,3.1382486715109937e-21,PASS,False
10,9,0.05,1,0,5690.761794391047,0.07077604619662492,0.00604449651536865,1.5447361847596356e-21,PASS,False
10,9,0.06,1,0,5833.587037211644,0.07075094276732996,0.005991190880922658,1.5264789664872214e-21,PASS,False
10,9,0.08,1,0,6119.237522852839,0.07070088187166901,0.0058861396146745225,1.4906616251686868e-21,PASS,False
10,9,0.1,1,0,6404.888008494033,0.0706510146520758,0.005783131245289171,1.455752579656056e-21,PASS,False
10,10,0.05,1,0,5941.530101336839,0.044921778583128014,0.003556896319852395,7.58150466525544e-22,PASS,False
10,10,0.06,1,0,6084.355344157437,0.044921778583128014,0.003527330347996728,7.497038747523784e-22,PASS,False
10,10,0.08,1,0,6370.005829798631,0.04492177858312796,0.0034690140849717357,7.331147716676877e-22,PASS,False
10,10,0.1,1,0,6655.6563154398245,0.044921778583128014,0.0034117671050452837,7.169224037827229e-22,PASS,False
10,11,0.05,1,0,6192.2984082826315,0.031111969250053162,0.0021719110853245555,3.9103196627322533e-22,PASS,False
10,11,0.06,1,0,6335.123651103228,0.031091069845844976,0.002154809936116387,3.8690497633129486e-22,PASS,False
10,11,0.08,1,0,6620.774136744423,0.03104938150322717,0.002121054675944061,3.787917887045609e-22,PASS,False
10,11,0.1,1,0,6906.424622385617,0.031007839800728854,0.0020878859663438776,3.708625037458591e-22,PASS,False
10,12,0.05,1,0,6443.066715228424,0.05262155830264137,0.0014273754479380294,2.225973674239626e-22,PASS,False
10,12,0.06,1,0,6585.891958049021,0.052583504917678436,0.001416517434984667,2.2032755498263197e-22,PASS,False
10,12,0.08,1,0,6871.542443690216,0.05250759007904415,0.00139507564753638,2.158627529418634e-22,PASS,False
10,12,0.1,1,0,7157.19292933141,0.052431930074991584,0.001373993880316311,2.1149575281663458e-22,PASS,False
11,2,0.05,1,0,4207.355727548094,0.36600772731149944,3.206371332784435,7.013665416852853e-18,FAIL,False
11,2,0.06,1,0,4350.180970368692,0.36557768766226184,3.127457099906719,6.782954494251044e-18,FAIL,False
11,2,0.08,1,0,4635.831456009886,0.3647210549184978,2.976415979227018,6.3469367094763184e-18,FAIL,False
11,2,0.1,1,0,4921.48194165108,0.36386898697120174,2.8339279754184936,5.9424887210103065e-18,FAIL,False
11,3,0.05,1,0,4458.124034493887,0.3127938349927035,0.5321175023515382,6.295109533009888e-19,PASS,False
11,3,0.06,1,0,4600.949277314485,0.31245708392069604,0.5229979656859765,6.15072766513838e-19,PASS,False
11,3,0.08,1,0,4886.599762955679,0.31178611545368784,0.5052950127310187,5.8729131882269045e-19,PASS,False
11,3,0.1,1,0,5172.250248596873,0.3111185040944558,0.4882804191587189,5.609021207506417e-19,PASS,False
11,4,0.05,1,0,4708.8923414396795,0.265741064812996,0.1550967881048514,1.2032923383213765e-19,PASS,False
11,4,0.06,1,0,4851.717584260276,0.26547951662160907,0.1529565921254093,1.1810583932429273e-19,PASS,False
11,4,0.08,1,0,5137.36806990147,0.26495827458201926,0.1487760215591886,1.137934801357472e-19,PASS,False
11,4,0.1,1,0,5423.018555542665,0.2644394904266095,0.14472468810704422,1.096538052689134e-19,PASS,False
11,5,0.05,1,0,4959.660648385471,0.2238379647448322,0.059450135708952974,3.322024025591322e-20,PASS,False
11,5,0.06,1,0,5102.485891206068,0.22363763200929315,0.058742542840945954,3.269061330872065e-20,PASS,False
11,5,0.08,1,0,5388.136376847263,0.22323830940826545,0.0573555737307344,3.1658816497256933e-20,PASS,False
11,5,0.1,1,0,5673.786862488457,0.22284076732124247,0.05600530264779981,3.0662488639244784e-20,PASS,False
11,6,0.05,1,0,5210.428955331264,0.18628299191307562,0.02674495193220946,1.1370277844561595e-20,PASS,False
11,6,0.06,1,0,5353.254198151861,0.18613291300471285,0.026460061917179114,1.1208008403524243e-20,PASS,False
11,6,0.08,1,0,5638.904683793055,0.18583370916768793,0.025900400155680906,1.0890974564533326e-20,PASS,False
11,6,0.1,1,0,5924.5551694342485,0.1855357705800743,0.025353935786984874,1.0583670386302334e-20,PASS,False
11,7,0.05,1,0,5461.197262277055,0.15243274476181456,0.013367280193798337,4.482242968097125e-21,PASS,False
11,7,0.06,1,0,5604.022505097653,0.15232422785172123,0.01323703868561917,4.423723553346075e-21,PASS,False
11,7,0.08,1,0,5889.672990738847,0.1521078499011197,0.012980776108139247,4.309156554830011e-21,PASS,False
11,7,0.1,1,0,6175.323476380041,0.15189234204766966,0.012730029347903628,4.197802160136535e-21,PASS,False
11,8,0.05,1,0,5711.965569222848,0.12176479546890606,0.007201590225315387,1.9541362825143815e-21,PASS,False
11,8,0.06,1,0,5854.790812043446,0.12169087579435589,0.0071365079820727905,1.9304694604869053e-21,PASS,False
11,8,0.08,1,0,6140.44129768464,0.12154346227127333,0.007008297251705376,1.8840624548897204e-21,PASS,False
11,8,0.1,1,0,6426.091783325834,0.12139661379583999,0.006882643807673812,1.8388620949823694e-21,PASS,False
11,9,0.05,1,0,5962.733876168641,0.0938505342399042,0.004106181389567738,9.193178192079317e-22,PASS,False
11,9,0.06,1,0,6105.5591189892375,0.09380557804043765,0.004071432449688242,9.0889073150187e-22,PASS,False
11,9,0.08,1,0,6391.209604630432,0.09371591302397542,0.004002910917428735,8.884188010438664e-22,PASS,False
11,9,0.1,1,0,6676.860090271626,0.09362657634104088,0.0039356688754723385,8.684453840938694e-22,PASS,False
11,10,0.05,1,0,6213.502183114432,0.06833501427223027,0.0024484076955209374,4.592654548975357e-22,PASS,False
11,10,0.06,1,0,6356.327425935029,0.06831442546144822,0.0024288710651814895,4.54353439536089e-22,PASS,False
11,10,0.08,1,0,6641.977911576223,0.06827335627980735,0.002390315334027915,4.446992161286802e-22,PASS,False
11,10,0.1,1,0,6927.628397217418,0.06823243105123611,0.002352438496895847,4.352667334940472e-22,PASS,False
11,11,0.05,1,0,6464.270490060224,0.04492177858312807,0.0015142093075760153,2.409599820089423e-22,PASS,False
11,11,0.06,1,0,6607.095732880822,0.04492177858312796,0.001502757358527165,2.385171167285596e-22,PASS,False
11,11,0.08,1,0,6892.746218522016,0.04492177858312796,0.0014801410338063886,2.3371145075183466e-22,PASS,False
11,11,0.1,1,0,7178.3967041632095,0.04492177858312796,0.0014579022693293178,2.290104502765451e-22,PASS,False
11,12,0.05,1,0,6715.0387970060165,0.029062263475677308,0.0009655188171436046,1.317167229913902e-22,PASS,False
11,12,0.06,1,0,6857.864039826614,0.029044823863841218,0.0009585691740856586,1.304457654804441e-22,PASS,False
11,12,0.08,1,0,7143.514525467808,0.029010028860115722,0.0009448360178752264,1.2794350811812563e-22,PASS,False
11,12,0.1,1,0,7429.165011109002,0.028975345698470156,0.0009313211390147594,1.2549314318856972e-22,PASS,False
12,2,0.05,1,0,4479.327809325689,0.37574852018788407,2.214740454443804,4.2683698356115e-18,FAIL,False
12,2,0.06,1,0,4622.1530521462855,0.37533760526891047,2.160116518391118,4.127667971215091e-18,FAIL,False
12,2,0.08,1,0,4907.80353778748,0.3745188301898589,2.0555947800154457,3.861835133811183e-18,FAIL,False
12,2,0.1,1,0,5193.454023428674,0.3737041029525876,1.957025952158331,3.615342699703117e-18,FAIL,False
12,3,0.05,1,0,4730.096116271481,0.325624160760594,0.35734889840280915,3.6890352604673994e-19,PASS,False
12,3,0.06,1,0,4872.921359092077,0.3252954368782188,0.3513023359950201,3.605496241138561e-19,PASS,False
12,3,0.08,1,0,5158.571844733272,0.32464029348060286,0.33956213976514615,3.444700462248115e-19,PASS,False
12,3,0.1,1,0,5444.222330374467,0.32398820466578304,0.3282751393212062,3.2918947407565783e-19,PASS,False
12,4,0.05,1,0,4980.864423217273,0.2809270072992902,0.10343757766579487,6.986206658865911e-20,PASS,False
12,4,0.06,1,0,5123.68966603787,0.2806655731186062,0.10204306596769064,6.860080934750699e-20,PASS,False
12,4,0.08,1,0,5409.340151679065,0.28014443853428206,0.09931790165774418,6.61530883689309e-20,PASS,False
12,4,0.1,1,0,5694.990637320258,0.2796256029052536,0.09667544865806933,6.380150222732217e-20,PASS,False
12,5,0.05,1,0,5231.632730163065,0.24082088359882703,0.03975927788051738,1.9359639653039152e-20,PASS,False
12,5,0.06,1,0,5374.457972983662,0.24061500999030327,0.0392999904787819,1.906006417346875e-20,PASS,False
12,5,0.08,1,0,5660.108458624856,0.2402045581863887,0.03839925635402994,1.8476030716879855e-20,PASS,False
12,5,0.1,1,0,5945.75894426605,0.2397958245621694,0.03752173859818605,1.791154102023944e-20,PASS,False
12,6,0.05,1,0,5482.401037108857,0.20463299680633917,0.018021628315980677,6.693450240544989e-21,PASS,False
12,6,0.06,1,0,5625.226279929454,0.20447334431399738,0.017836052161908932,6.601100652002727e-21,PASS,False
12,6,0.08,1,0,5910.876765570649,0.20415499498144074,0.017471287616926456,6.420539076007558e-21,PASS,False
12,6,0.1,1,0,6196.527251211843,0.2038379135084123,0.017114859980695764,6.245346045226967e-21,PASS,False
12,7,0.05,1,0,5733.16934405465,0.17181589088636673,0.009096362526241894,2.673677392538221e-21,PASS,False
12,7,0.06,1,0,5875.994586875246,0.1716949455107747,0.009010877056771789,2.640006270569951e-21,PASS,False
12,7,0.08,1,0,6161.645072516441,0.17145374509671896,0.008842582573554813,2.5740378164780365e-21,PASS,False
12,7,0.1,1,0,6447.295558157635,0.17121346076233135,0.00867778830530749,2.5098563746589774e-21,PASS,False
12,8,0.05,1,0,5983.937651000442,0.14191955868920275,0.004954305517193739,1.1828147329965902e-21,PASS,False
12,8,0.06,1,0,6126.762893821038,0.14183121849540092,0.004911169528726878,1.1690124994021985e-21,PASS,False
12,8,0.08,1,0,6412.413379462233,0.14165501996217356,0.004826146527996295,1.1419291902552144e-21,PASS,False
12,8,0.1,1,0,6698.063865103428,0.14147946098642572,0.00474275937310131,1.115525085453518e-21,PASS,False
12,9,0.05,1,0,6234.705957946234,0.11457068298329276,0.002856797075771606,5.649198552378429e-22,PASS,False
12,9,0.06,1,0,6377.531200766831,0.11450995079576043,0.0028335151881937,5.587490345392248e-22,PASS,False
12,9,0.08,1,0,6663.181686408026,0.11438880360966874,0.002787581819697587,5.466253869961325e-22,PASS,False
12,9,0.1,1,0,6948.8321720492195,0.11426807750474166,0.0027424751046496473,5.347862689880309e-22,PASS,False
12,10,0.05,1,0,6485.4742648920255,0.08945696723395025,0.0017226663152013946,2.8650343667311404e-22,PASS,False
12,10,0.06,1,0,6628.299507712623,0.08941971917269464,0.0017094285834429678,2.8355226630091727e-22,PASS,False
12,10,0.08,1,0,6913.949993353817,0.08934540965783255,0.0016832909711675802,2.7774821950570626e-22,PASS,False
12,10,0.1,1,0,7199.600478995011,0.08927134791614716,0.0016575968148749055,2.7207262661617773e-22,PASS,False
12,11,0.05,1,0,6736.242571837818,0.06631515738066635,0.0010771456540141918,1.5255092648833394e-22,PASS,False
12,11,0.06,1,0,6879.067814658414,0.06629796642190933,0.0010692977469266684,1.5106096151938783e-22,PASS,False
12,11,0.08,1,0,7164.71830029961,0.06626366725566374,0.0010537918229290872,1.4812808847358197e-22,PASS,False
12,11,0.1,1,0,7450.368785940804,0.06622947798255652,0.00103853534983957,1.4525677563999185e-22,PASS,False
12,12,0.05,1,0,6987.010878783611,0.04492177858312796,0.0006941661860816048,8.458709566947845e-23,PASS,False
12,12,0.06,1,0,7129.836121604207,0.04492177858312807,0.0006893503360998105,8.380037350036827e-23,PASS,False
12,12,0.08,1,0,7415.486607245402,0.04492177858312807,0.0006798296044605483,8.225059361610724e-23,PASS,False
12,12,0.1,1,0,7701.137092886596,0.04492177858312807,0.0006704547513991346,8.073180002239708e-23,PASS,False
