case_id,r_m,web,design_variant,split_method,split_error_percent,nominal_load_fraction,load_fraction,face_layers_each_side,core_thickness_m,A66_N_per_m,A66h_N,equivalent_total_shear_range_N,face_shear_range_MPa,curve_C_MPa,curve_b,curve_source,face_damage_20y_proxy,face_status,core_shear_range_MPa,core_damage_20y,core_fatigue_status
nominal_b10_split0,1.3667,forward,fatigue_robust_final,stiffness_based,0.0,0.4550030506406345,0.4550030506406345,5,0.06,119320000.0,397617394.4289797,242944.6937188257,3.280487283172469,62.0,10.0,Conservative design envelope: C=62 MPa from MAT-002 static shear strength and b=10,4.3078200625659465e-06,PASS,0.0061161627313385016,3.092277878409407e-24,SOURCED_CURVE_PASS
nominal_b10_split0,1.3667,aft,fatigue_robust_final,stiffness_based,0.0,0.5449969493593654,0.5449969493593655,6,0.06,142920000.0,476261129.833974,242944.6937188257,3.280487283172469,62.0,10.0,Conservative design envelope: C=62 MPa from MAT-002 static shear strength and b=10,4.3078200625659465e-06,PASS,0.0061161627313385016,3.092277878409407e-24,SOURCED_CURVE_PASS
b9_split0,1.3667,forward,fatigue_robust_final,stiffness_based,0.0,0.4550030506406345,0.4550030506406345,5,0.06,119320000.0,397617394.4289797,242944.6937188257,3.280487283172469,62.0,9.0,"Estimated conservative envelope: measured Saertex VU 90079 R=-1 C_shear=78 MPa, b=9.709 rounded down to C=62 MPa, b=9",5.899725413786749e-05,PASS,0.0061161627313385016,3.092277878409407e-24,SOURCED_CURVE_PASS
b9_split0,1.3667,aft,fatigue_robust_final,stiffness_based,0.0,0.5449969493593654,0.5449969493593655,6,0.06,142920000.0,476261129.833974,242944.6937188257,3.280487283172469,62.0,9.0,"Estimated conservative envelope: measured Saertex VU 90079 R=-1 C_shear=78 MPa, b=9.709 rounded down to C=62 MPa, b=9",5.899725413786749e-05,PASS,0.0061161627313385016,3.092277878409407e-24,SOURCED_CURVE_PASS
b10_split_minus10,1.3667,forward,fatigue_robust_final,stiffness_based,-10.0,0.4550030506406345,0.40950274557657107,5,0.06,119320000.0,397617394.4289797,242944.6937188257,2.952438554855221,62.0,10.0,Conservative design envelope: C=62 MPa from MAT-002 static shear strength and b=10,1.5020439796469726e-06,PASS,0.00550454645820465,8.660202110128877e-25,SOURCED_CURVE_PASS
b10_split_minus10,1.3667,aft,fatigue_robust_final,stiffness_based,-10.0,0.5449969493593654,0.5904972544234289,6,0.06,142920000.0,476261129.833974,242944.6937188257,3.554366196290394,62.0,10.0,Conservative design envelope: C=62 MPa from MAT-002 static shear strength and b=10,9.604962377765151e-06,PASS,0.0066267844337617515,8.146107833866698e-24,SOURCED_CURVE_PASS
b10_split_plus10,1.3667,forward,fatigue_robust_final,stiffness_based,10.0,0.4550030506406345,0.500503355704698,5,0.06,119320000.0,397617394.4289797,242944.6937188257,3.6085360114897154,62.0,10.0,Conservative design envelope: C=62 MPa from MAT-002 static shear strength and b=10,1.1173375806747912e-05,PASS,0.006727779004472352,9.779173476233172e-24,SOURCED_CURVE_PASS
b10_split_plus10,1.3667,aft,fatigue_robust_final,stiffness_based,10.0,0.5449969493593654,0.49949664429530205,6,0.06,142920000.0,476261129.833974,242944.6937188257,3.0066083700545434,62.0,10.0,Conservative design envelope: C=62 MPa from MAT-002 static shear strength and b=10,1.8015345296384043e-06,PASS,0.005605541028915251,1.078727218739694e-24,SOURCED_CURVE_PASS
b9_split_minus10,1.3667,forward,fatigue_robust_final,stiffness_based,-10.0,0.4550030506406345,0.40950274557657107,5,0.06,119320000.0,397617394.4289797,242944.6937188257,2.952438554855221,62.0,9.0,"Estimated conservative envelope: measured Saertex VU 90079 R=-1 C_shear=78 MPa, b=9.709 rounded down to C=62 MPa, b=9",2.2856745047749813e-05,PASS,0.00550454645820465,8.660202110128877e-25,SOURCED_CURVE_PASS
b9_split_minus10,1.3667,aft,fatigue_robust_final,stiffness_based,-10.0,0.5449969493593654,0.5904972544234289,6,0.06,142920000.0,476261129.833974,242944.6937188257,3.554366196290394,62.0,9.0,"Estimated conservative envelope: measured Saertex VU 90079 R=-1 C_shear=78 MPa, b=9.709 rounded down to C=62 MPa, b=9",0.00012140766353317834,PASS,0.0066267844337617515,8.146107833866698e-24,SOURCED_CURVE_PASS
b9_split_plus10,1.3667,forward,fatigue_robust_final,stiffness_based,10.0,0.4550030506406345,0.500503355704698,5,0.06,119320000.0,397617394.4289797,242944.6937188257,3.6085360114897154,62.0,9.0,"Estimated conservative envelope: measured Saertex VU 90079 R=-1 C_shear=78 MPa, b=9.709 rounded down to C=62 MPa, b=9",0.0001391124391697246,PASS,0.006727779004472352,9.779173476233172e-24,SOURCED_CURVE_PASS
b9_split_plus10,1.3667,aft,fatigue_robust_final,stiffness_based,10.0,0.5449969493593654,0.49949664429530205,6,0.06,142920000.0,476261129.833974,242944.6937188257,3.0066083700545434,62.0,9.0,"Estimated conservative envelope: measured Saertex VU 90079 R=-1 C_shear=78 MPa, b=9.709 rounded down to C=62 MPa, b=9",2.6920203063178228e-05,PASS,0.005605541028915251,1.078727218739694e-24,SOURCED_CURVE_PASS
nominal_b10_split0,4.1,forward,fatigue_robust_final,stiffness_based,0.0,0.45500305064063457,0.45500305064063457,5,0.06,119320000.0,454246306.640428,240723.97294784058,2.845275035456862,62.0,10.0,Conservative design envelope: C=62 MPa from MAT-002 static shear strength and b=10,1.0378067778811234e-06,PASS,0.005304750066106014,5.540693454948357e-25,SOURCED_CURVE_PASS
nominal_b10_split0,4.1,aft,fatigue_robust_final,stiffness_based,0.0,0.5449969493593655,0.5449969493593654,6,0.06,142920000.0,544090530.8837577,240723.97294784058,2.845275035456861,62.0,10.0,Conservative design envelope: C=62 MPa from MAT-002 static shear strength and b=10,1.0378067778811192e-06,PASS,0.005304750066106012,5.540693454948319e-25,SOURCED_CURVE_PASS
b9_split0,4.1,forward,fatigue_robust_final,stiffness_based,0.0,0.45500305064063457,0.45500305064063457,5,0.06,119320000.0,454246306.640428,240723.97294784058,2.845275035456862,62.0,9.0,"Estimated conservative envelope: measured Saertex VU 90079 R=-1 C_shear=78 MPa, b=9.709 rounded down to C=62 MPa, b=9",1.638720370927598e-05,PASS,0.005304750066106014,5.540693454948357e-25,SOURCED_CURVE_PASS
b9_split0,4.1,aft,fatigue_robust_final,stiffness_based,0.0,0.5449969493593655,0.5449969493593654,6,0.06,142920000.0,544090530.8837577,240723.97294784058,2.845275035456861,62.0,9.0,"Estimated conservative envelope: measured Saertex VU 90079 R=-1 C_shear=78 MPa, b=9.709 rounded down to C=62 MPa, b=9",1.6387203709275916e-05,PASS,0.005304750066106012,5.540693454948319e-25,SOURCED_CURVE_PASS
b10_split_minus10,4.1,forward,fatigue_robust_final,stiffness_based,-10.0,0.45500305064063457,0.4095027455765711,5,0.06,119320000.0,454246306.640428,240723.97294784058,2.5607475319111757,62.0,10.0,Conservative design envelope: C=62 MPa from MAT-002 static shear strength and b=10,3.618608484367973e-07,PASS,0.004774275059495413,1.5517209978167506e-25,SOURCED_CURVE_PASS
b10_split_minus10,4.1,aft,fatigue_robust_final,stiffness_based,-10.0,0.5449969493593655,0.5904972544234288,6,0.06,142920000.0,544090530.8837577,240723.97294784058,3.0828192680560167,62.0,10.0,Conservative design envelope: C=62 MPa from MAT-002 static shear strength and b=10,2.3139534409894504e-06,PASS,0.0057476291438332515,1.459606417442179e-24,SOURCED_CURVE_PASS
b10_split_plus10,4.1,forward,fatigue_robust_final,stiffness_based,10.0,0.45500305064063457,0.5005033557046981,5,0.06,119320000.0,454246306.640428,240723.97294784058,3.129802539002549,62.0,10.0,Conservative design envelope: C=62 MPa from MAT-002 static shear strength and b=10,2.6918035051698484e-06,PASS,0.005835225072716617,1.7522164761738772e-24,SOURCED_CURVE_PASS
b10_split_plus10,4.1,aft,fatigue_robust_final,stiffness_based,10.0,0.5449969493593655,0.49949664429530194,6,0.06,142920000.0,544090530.8837577,240723.97294784058,2.607730802857706,62.0,10.0,Conservative design envelope: C=62 MPa from MAT-002 static shear strength and b=10,4.340118013963567e-07,PASS,0.0048618709883787746,1.9328459716628136e-25,SOURCED_CURVE_PASS
b9_split_minus10,4.1,forward,fatigue_robust_final,stiffness_based,-10.0,0.45500305064063457,0.4095027455765711,5,0.06,119320000.0,454246306.640428,240723.97294784058,2.5607475319111757,62.0,9.0,"Estimated conservative envelope: measured Saertex VU 90079 R=-1 C_shear=78 MPa, b=9.709 rounded down to C=62 MPa, b=9",6.348738474390313e-06,PASS,0.004774275059495413,1.5517209978167506e-25,SOURCED_CURVE_PASS
b9_split_minus10,4.1,aft,fatigue_robust_final,stiffness_based,-10.0,0.5449969493593655,0.5904972544234288,6,0.06,142920000.0,544090530.8837577,240723.97294784058,3.0828192680560167,62.0,9.0,"Estimated conservative envelope: measured Saertex VU 90079 R=-1 C_shear=78 MPa, b=9.709 rounded down to C=62 MPa, b=9",3.372245273544764e-05,PASS,0.0057476291438332515,1.459606417442179e-24,SOURCED_CURVE_PASS
b9_split_plus10,4.1,forward,fatigue_robust_final,stiffness_based,10.0,0.45500305064063457,0.5005033557046981,5,0.06,119320000.0,454246306.640428,240723.97294784058,3.129802539002549,62.0,9.0,"Estimated conservative envelope: measured Saertex VU 90079 R=-1 C_shear=78 MPa, b=9.709 rounded down to C=62 MPa, b=9",3.8640169148234044e-05,PASS,0.005835225072716617,1.7522164761738772e-24,SOURCED_CURVE_PASS
b9_split_plus10,4.1,aft,fatigue_robust_final,stiffness_based,10.0,0.5449969493593655,0.49949664429530194,6,0.06,142920000.0,544090530.8837577,240723.97294784058,2.607730802857706,62.0,9.0,"Estimated conservative envelope: measured Saertex VU 90079 R=-1 C_shear=78 MPa, b=9.709 rounded down to C=62 MPa, b=9",7.4774132785990936e-06,PASS,0.0048618709883787746,1.9328459716628136e-25,SOURCED_CURVE_PASS
nominal_b10_split0,6.8333,forward,fatigue_robust_final,stiffness_based,0.0,0.4476434763754907,0.4476434763754907,5,0.06,119320000.0,482172239.5489654,237363.21960841876,2.600312169122992,62.0,10.0,Conservative design envelope: C=62 MPa from MAT-002 static shear strength and b=10,4.218216375373273e-07,PASS,0.004848039637347951,1.8674588573649617e-25,SOURCED_CURVE_PASS
nominal_b10_split0,6.8333,aft,fatigue_robust_final,stiffness_based,0.0,0.5523565236245094,0.5523565236245094,6,0.06,142920000.0,594962277.0825502,237363.21960841876,2.600312169122992,62.0,10.0,Conservative design envelope: C=62 MPa from MAT-002 static shear strength and b=10,4.218216375373273e-07,PASS,0.004848039637347951,1.8674588573649617e-25,SOURCED_CURVE_PASS
b9_split0,6.8333,forward,fatigue_robust_final,stiffness_based,0.0,0.4476434763754907,0.4476434763754907,5,0.06,119320000.0,482172239.5489654,237363.21960841876,2.600312169122992,62.0,9.0,"Estimated conservative envelope: measured Saertex VU 90079 R=-1 C_shear=78 MPa, b=9.709 rounded down to C=62 MPa, b=9",7.288127605941515e-06,PASS,0.004848039637347951,1.8674588573649617e-25,SOURCED_CURVE_PASS
b9_split0,6.8333,aft,fatigue_robust_final,stiffness_based,0.0,0.5523565236245094,0.5523565236245094,6,0.06,142920000.0,594962277.0825502,237363.21960841876,2.600312169122992,62.0,9.0,"Estimated conservative envelope: measured Saertex VU 90079 R=-1 C_shear=78 MPa, b=9.709 rounded down to C=62 MPa, b=9",7.288127605941515e-06,PASS,0.004848039637347951,1.8674588573649617e-25,SOURCED_CURVE_PASS
b10_split_minus10,6.8333,forward,fatigue_robust_final,stiffness_based,-10.0,0.4476434763754907,0.4028791287379416,5,0.06,119320000.0,482172239.5489654,237363.21960841876,2.340280952210693,62.0,10.0,Conservative design envelope: C=62 MPa from MAT-002 static shear strength and b=10,1.4708011057694304e-07,PASS,0.004363235673613156,5.229986363790084e-26,SOURCED_CURVE_PASS
b10_split_minus10,6.8333,aft,fatigue_robust_final,stiffness_based,-10.0,0.5523565236245094,0.5971208712620584,6,0.06,142920000.0,594962277.0825502,237363.21960841876,2.8110479401807082,62.0,10.0,Conservative design envelope: C=62 MPa from MAT-002 static shear strength and b=10,9.195100730207727e-07,PASS,0.00524093683762505,4.787090402579397e-25,SOURCED_CURVE_PASS
b10_split_plus10,6.8333,forward,fatigue_robust_final,stiffness_based,10.0,0.4476434763754907,0.4924078240130398,5,0.06,119320000.0,482172239.5489654,237363.21960841876,2.860343386035291,62.0,10.0,Conservative design envelope: C=62 MPa from MAT-002 static shear strength and b=10,1.0940966918694772e-06,PASS,0.005332843601082746,5.905744840529582e-25,SOURCED_CURVE_PASS
b10_split_plus10,6.8333,aft,fatigue_robust_final,stiffness_based,10.0,0.5523565236245094,0.5075921759869602,6,0.06,142920000.0,594962277.0825502,237363.21960841876,2.389576398065274,62.0,10.0,Conservative design envelope: C=62 MPa from MAT-002 static shear strength and b=10,1.811687007399156e-07,PASS,0.0044551424370708505,6.727595273561679e-26,SOURCED_CURVE_PASS
b9_split_minus10,6.8333,forward,fatigue_robust_final,stiffness_based,-10.0,0.4476434763754907,0.4028791287379416,5,0.06,119320000.0,482172239.5489654,237363.21960841876,2.340280952210693,62.0,9.0,"Estimated conservative envelope: measured Saertex VU 90079 R=-1 C_shear=78 MPa, b=9.709 rounded down to C=62 MPa, b=9",2.8235699609882632e-06,PASS,0.004363235673613156,5.229986363790084e-26,SOURCED_CURVE_PASS
b9_split_minus10,6.8333,aft,fatigue_robust_final,stiffness_based,-10.0,0.5523565236245094,0.5971208712620584,6,0.06,142920000.0,594962277.0825502,237363.21960841876,2.8110479401807082,62.0,9.0,"Estimated conservative envelope: measured Saertex VU 90079 R=-1 C_shear=78 MPa, b=9.709 rounded down to C=62 MPa, b=9",1.4696057484728426e-05,PASS,0.00524093683762505,4.787090402579397e-25,SOURCED_CURVE_PASS
b9_split_plus10,6.8333,forward,fatigue_robust_final,stiffness_based,10.0,0.4476434763754907,0.4924078240130398,5,0.06,119320000.0,482172239.5489654,237363.21960841876,2.860343386035291,62.0,9.0,"Estimated conservative envelope: measured Saertex VU 90079 R=-1 C_shear=78 MPa, b=9.709 rounded down to C=62 MPa, b=9",1.7185023660143146e-05,PASS,0.005332843601082746,5.905744840529582e-25,SOURCED_CURVE_PASS
b9_split_plus10,6.8333,aft,fatigue_robust_final,stiffness_based,10.0,0.5523565236245094,0.5075921759869602,6,0.06,142920000.0,594962277.0825502,237363.21960841876,2.389576398065274,62.0,9.0,"Estimated conservative envelope: measured Saertex VU 90079 R=-1 C_shear=78 MPa, b=9.709 rounded down to C=62 MPa, b=9",3.406236926831908e-06,PASS,0.0044551424370708505,6.727595273561679e-26,SOURCED_CURVE_PASS
nominal_b10_split0,10.25,forward,fatigue_robust_final,stiffness_based,0.0,0.49141199157758997,0.49141199157758997,5,0.06,119320000.0,217506857.54665366,231513.73513518577,6.17208026420114,62.0,10.0,Conservative design envelope: C=62 MPa from MAT-002 static shear strength and b=10,0.0023943609488178766,PASS,0.011507268289188567,6.399653339848234e-21,SOURCED_CURVE_PASS
nominal_b10_split0,10.25,aft,fatigue_robust_final,stiffness_based,0.0,0.50858800842241,0.50858800842241,6,0.06,142920000.0,225109239.0780684,231513.73513518577,6.17208026420114,62.0,10.0,Conservative design envelope: C=62 MPa from MAT-002 static shear strength and b=10,0.0023943609488178766,PASS,0.011507268289188567,6.399653339848234e-21,SOURCED_CURVE_PASS
b9_split0,10.25,forward,fatigue_robust_final,stiffness_based,0.0,0.49141199157758997,0.49141199157758997,5,0.06,119320000.0,217506857.54665366,231513.73513518577,6.17208026420114,62.0,9.0,"Estimated conservative envelope: measured Saertex VU 90079 R=-1 C_shear=78 MPa, b=9.709 rounded down to C=62 MPa, b=9",0.017428927310644222,PASS,0.011507268289188567,6.399653339848234e-21,SOURCED_CURVE_PASS
b9_split0,10.25,aft,fatigue_robust_final,stiffness_based,0.0,0.50858800842241,0.50858800842241,6,0.06,142920000.0,225109239.0780684,231513.73513518577,6.17208026420114,62.0,9.0,"Estimated conservative envelope: measured Saertex VU 90079 R=-1 C_shear=78 MPa, b=9.709 rounded down to C=62 MPa, b=9",0.017428927310644222,PASS,0.011507268289188567,6.399653339848234e-21,SOURCED_CURVE_PASS
b10_split_minus10,10.25,forward,fatigue_robust_final,stiffness_based,-10.0,0.49141199157758997,0.44227079241983097,5,0.06,119320000.0,217506857.54665366,231513.73513518577,5.5548722377810265,62.0,10.0,Conservative design envelope: C=62 MPa from MAT-002 static shear strength and b=10,0.0008348620406701743,PASS,0.010356541460269712,1.79228043329518e-21,SOURCED_CURVE_PASS
b10_split_minus10,10.25,aft,fatigue_robust_final,stiffness_based,-10.0,0.50858800842241,0.557729207580169,6,0.06,142920000.0,225109239.0780684,231513.73513518577,6.768443962239557,62.0,10.0,Conservative design envelope: C=62 MPa from MAT-002 static shear strength and b=10,0.006022299434703791,PASS,0.012619132810955105,1.9500614670143526e-20,SOURCED_CURVE_PASS
b10_split_plus10,10.25,forward,fatigue_robust_final,stiffness_based,10.0,0.49141199157758997,0.540553190735349,5,0.06,119320000.0,217506857.54665366,231513.73513518577,6.789288290621254,62.0,10.0,Conservative design envelope: C=62 MPa from MAT-002 static shear strength and b=10,0.0062103556577542485,PASS,0.012657995118107423,2.023858225520215e-20,SOURCED_CURVE_PASS
b10_split_plus10,10.25,aft,fatigue_robust_final,stiffness_based,10.0,0.50858800842241,0.459446809264651,6,0.06,142920000.0,225109239.0780684,231513.73513518577,5.575716566162722,62.0,10.0,Conservative design envelope: C=62 MPa from MAT-002 static shear strength and b=10,0.0008667240706440181,PASS,0.010395403767422024,1.8752339804315114e-21,SOURCED_CURVE_PASS
b9_split_minus10,10.25,forward,fatigue_robust_final,stiffness_based,-10.0,0.49141199157758997,0.44227079241983097,5,0.06,119320000.0,217506857.54665366,231513.73513518577,5.5548722377810265,62.0,9.0,"Estimated conservative envelope: measured Saertex VU 90079 R=-1 C_shear=78 MPa, b=9.709 rounded down to C=62 MPa, b=9",0.0067523235414352475,PASS,0.010356541460269712,1.79228043329518e-21,SOURCED_CURVE_PASS
b9_split_minus10,10.25,aft,fatigue_robust_final,stiffness_based,-10.0,0.50858800842241,0.557729207580169,6,0.06,142920000.0,225109239.0780684,231513.73513518577,6.768443962239557,62.0,9.0,"Estimated conservative envelope: measured Saertex VU 90079 R=-1 C_shear=78 MPa, b=9.709 rounded down to C=62 MPa, b=9",0.03997478261789194,PASS,0.012619132810955105,1.9500614670143526e-20,SOURCED_CURVE_PASS
b9_split_plus10,10.25,forward,fatigue_robust_final,stiffness_based,10.0,0.49141199157758997,0.540553190735349,5,0.06,119320000.0,217506857.54665366,231513.73513518577,6.789288290621254,62.0,9.0,"Estimated conservative envelope: measured Saertex VU 90079 R=-1 C_shear=78 MPa, b=9.709 rounded down to C=62 MPa, b=9",0.04109649890874038,PASS,0.012657995118107423,2.023858225520215e-20,SOURCED_CURVE_PASS
b9_split_plus10,10.25,aft,fatigue_robust_final,stiffness_based,10.0,0.50858800842241,0.459446809264651,6,0.06,142920000.0,225109239.0780684,231513.73513518577,5.575716566162722,62.0,9.0,"Estimated conservative envelope: measured Saertex VU 90079 R=-1 C_shear=78 MPa, b=9.709 rounded down to C=62 MPa, b=9",0.0069838157346839465,PASS,0.010395403767422024,1.8752339804315114e-21,SOURCED_CURVE_PASS
nominal_b10_split0,14.35,forward,fatigue_robust_final,stiffness_based,0.0,0.49606240272152163,0.49606240272152163,5,0.06,119320000.0,191407126.42227527,224343.45020325202,6.860781861518907,62.0,10.0,Conservative design envelope: C=62 MPa from MAT-002 static shear strength and b=10,0.006896203690720472,PASS,0.012791288216391182,2.2968697340444775e-20,SOURCED_CURVE_PASS
nominal_b10_split0,14.35,aft,fatigue_robust_final,stiffness_based,0.0,0.5039375972784784,0.5039375972784783,6,0.06,142920000.0,194445793.2349457,224343.45020325202,6.860781861518905,62.0,10.0,Conservative design envelope: C=62 MPa from MAT-002 static shear strength and b=10,0.00689620369072046,PASS,0.01279128821639118,2.2968697340444712e-20,SOURCED_CURVE_PASS
b9_split0,14.35,forward,fatigue_robust_final,stiffness_based,0.0,0.49606240272152163,0.49606240272152163,5,0.06,119320000.0,191407126.42227527,224343.45020325202,6.860781861518907,62.0,9.0,"Estimated conservative envelope: measured Saertex VU 90079 R=-1 C_shear=78 MPa, b=9.709 rounded down to C=62 MPa, b=9",0.04515949456359825,PASS,0.012791288216391182,2.2968697340444775e-20,SOURCED_CURVE_PASS
b9_split0,14.35,aft,fatigue_robust_final,stiffness_based,0.0,0.5039375972784784,0.5039375972784783,6,0.06,142920000.0,194445793.2349457,224343.45020325202,6.860781861518905,62.0,9.0,"Estimated conservative envelope: measured Saertex VU 90079 R=-1 C_shear=78 MPa, b=9.709 rounded down to C=62 MPa, b=9",0.045159494563598176,PASS,0.01279128821639118,2.2968697340444712e-20,SOURCED_CURVE_PASS
b10_split_minus10,14.35,forward,fatigue_robust_final,stiffness_based,-10.0,0.49606240272152163,0.4464561624493695,5,0.06,119320000.0,191407126.42227527,224343.45020325202,6.1747036753670175,62.0,10.0,Conservative design envelope: C=62 MPa from MAT-002 static shear strength and b=10,0.002404557545492277,PASS,0.011512159394752065,6.432590116285025e-21,SOURCED_CURVE_PASS
b10_split_minus10,14.35,aft,fatigue_robust_final,stiffness_based,-10.0,0.5039375972784784,0.5535438375506305,6,0.06,142920000.0,194445793.2349457,224343.45020325202,7.536138483678728,62.0,10.0,Conservative design envelope: C=62 MPa from MAT-002 static shear strength and b=10,0.017634480628578805,PASS,0.014050427681434918,7.14005401219492e-20,SOURCED_CURVE_PASS
b10_split_plus10,14.35,forward,fatigue_robust_final,stiffness_based,10.0,0.49606240272152163,0.5456686429936738,5,0.06,119320000.0,191407126.42227527,224343.45020325202,7.5468600476707985,62.0,10.0,Conservative design envelope: C=62 MPa from MAT-002 static shear strength and b=10,0.01788697632612005,PASS,0.014070417038030303,7.263735170231248e-20,SOURCED_CURVE_PASS
b10_split_plus10,14.35,aft,fatigue_robust_final,stiffness_based,10.0,0.5039375972784784,0.4543313570063262,6,0.06,142920000.0,194445793.2349457,224343.45020325202,6.185425239359083,62.0,10.0,Conservative design envelope: C=62 MPa from MAT-002 static shear strength and b=10,0.002446637288150215,PASS,0.011532148751347443,6.568821382758406e-21,SOURCED_CURVE_PASS
b9_split_minus10,14.35,forward,fatigue_robust_final,stiffness_based,-10.0,0.49606240272152163,0.4464561624493695,5,0.06,119320000.0,191407126.42227527,224343.45020325202,6.1747036753670175,62.0,9.0,"Estimated conservative envelope: measured Saertex VU 90079 R=-1 C_shear=78 MPa, b=9.709 rounded down to C=62 MPa, b=9",0.017495713466822077,PASS,0.011512159394752065,6.432590116285025e-21,SOURCED_CURVE_PASS
b9_split_minus10,14.35,aft,fatigue_robust_final,stiffness_based,-10.0,0.5039375972784784,0.5535438375506305,6,0.06,142920000.0,194445793.2349457,224343.45020325202,7.536138483678728,62.0,9.0,"Estimated conservative envelope: measured Saertex VU 90079 R=-1 C_shear=78 MPa, b=9.709 rounded down to C=62 MPa, b=9",0.10512993744565419,PASS,0.014050427681434918,7.14005401219492e-20,SOURCED_CURVE_PASS
b9_split_plus10,14.35,forward,fatigue_robust_final,stiffness_based,10.0,0.49606240272152163,0.5456686429936738,5,0.06,119320000.0,191407126.42227527,224343.45020325202,7.5468600476707985,62.0,9.0,"Estimated conservative envelope: measured Saertex VU 90079 R=-1 C_shear=78 MPa, b=9.709 rounded down to C=62 MPa, b=9",0.10648372593296372,PASS,0.014070417038030303,7.263735170231248e-20,SOURCED_CURVE_PASS
b9_split_plus10,14.35,aft,fatigue_robust_final,stiffness_based,10.0,0.5039375972784784,0.4543313570063262,6,0.06,142920000.0,194445793.2349457,224343.45020325202,6.185425239359083,62.0,9.0,"Estimated conservative envelope: measured Saertex VU 90079 R=-1 C_shear=78 MPa, b=9.709 rounded down to C=62 MPa, b=9",0.017771031280144792,PASS,0.011532148751347443,6.568821382758406e-21,SOURCED_CURVE_PASS
nominal_b10_split0,18.45,forward,fatigue_robust_final,stiffness_based,0.0,0.49781018781505815,0.49781018781505815,5,0.06,119320000.0,183747251.8382465,212386.75711382105,6.789727882231178,62.0,10.0,Conservative design envelope: C=62 MPa from MAT-002 static shear strength and b=10,0.006214377899401847,PASS,0.012658814695685246,2.025441761566293e-20,SOURCED_CURVE_PASS
nominal_b10_split0,18.45,aft,fatigue_robust_final,stiffness_based,0.0,0.5021898121849419,0.5021898121849419,6,0.06,142920000.0,185363819.68227163,212386.75711382105,6.789727882231179,62.0,10.0,Conservative design envelope: C=62 MPa from MAT-002 static shear strength and b=10,0.006214377899401858,PASS,0.012658814695685248,2.0254417615662988e-20,SOURCED_CURVE_PASS
b9_split0,18.45,forward,fatigue_robust_final,stiffness_based,0.0,0.49781018781505815,0.49781018781505815,5,0.06,119320000.0,183747251.8382465,212386.75711382105,6.789727882231178,62.0,9.0,"Estimated conservative envelope: measured Saertex VU 90079 R=-1 C_shear=78 MPa, b=9.709 rounded down to C=62 MPa, b=9",0.0411204532901323,PASS,0.012658814695685246,2.025441761566293e-20,SOURCED_CURVE_PASS
b9_split0,18.45,aft,fatigue_robust_final,stiffness_based,0.0,0.5021898121849419,0.5021898121849419,6,0.06,142920000.0,185363819.68227163,212386.75711382105,6.789727882231179,62.0,9.0,"Estimated conservative envelope: measured Saertex VU 90079 R=-1 C_shear=78 MPa, b=9.709 rounded down to C=62 MPa, b=9",0.041120453290132364,PASS,0.012658814695685248,2.0254417615662988e-20,SOURCED_CURVE_PASS
b10_split_minus10,18.45,forward,fatigue_robust_final,stiffness_based,-10.0,0.49781018781505815,0.44802916903355233,5,0.06,119320000.0,183747251.8382465,212386.75711382105,6.110755094008061,62.0,10.0,Conservative design envelope: C=62 MPa from MAT-002 static shear strength and b=10,0.0021668195921553507,PASS,0.011392933226116723,5.6724316853704555e-21,SOURCED_CURVE_PASS
b10_split_minus10,18.45,aft,fatigue_robust_final,stiffness_based,-10.0,0.5021898121849419,0.5519708309664477,6,0.06,142920000.0,185363819.68227163,212386.75711382105,7.462779312239458,62.0,10.0,Conservative design envelope: C=62 MPa from MAT-002 static shear strength and b=10,0.01599115962536061,PASS,0.013913656344853228,6.344280519168961e-20,SOURCED_CURVE_PASS
b10_split_plus10,18.45,forward,fatigue_robust_final,stiffness_based,10.0,0.49781018781505815,0.547591206596564,5,0.06,119320000.0,183747251.8382465,212386.75711382105,7.468700670454297,62.0,10.0,Conservative design envelope: C=62 MPa from MAT-002 static shear strength and b=10,0.016118495820785617,PASS,0.013924696165253775,6.405357840140952e-20,SOURCED_CURVE_PASS
b10_split_plus10,18.45,aft,fatigue_robust_final,stiffness_based,10.0,0.5021898121849419,0.452408793403436,6,0.06,142920000.0,185363819.68227163,212386.75711382105,6.116676452222897,62.0,10.0,Conservative design envelope: C=62 MPa from MAT-002 static shear strength and b=10,0.0021879079968042986,PASS,0.011403973046517267,5.73918847085508e-21,SOURCED_CURVE_PASS
b9_split_minus10,18.45,forward,fatigue_robust_final,stiffness_based,-10.0,0.49781018781505815,0.44802916903355233,5,0.06,119320000.0,183747251.8382465,212386.75711382105,6.110755094008061,62.0,9.0,"Estimated conservative envelope: measured Saertex VU 90079 R=-1 C_shear=78 MPa, b=9.709 rounded down to C=62 MPa, b=9",0.015930906121564715,PASS,0.011392933226116723,5.6724316853704555e-21,SOURCED_CURVE_PASS
b9_split_minus10,18.45,aft,fatigue_robust_final,stiffness_based,-10.0,0.5021898121849419,0.5519708309664477,6,0.06,142920000.0,185363819.68227163,212386.75711382105,7.462779312239458,62.0,9.0,"Estimated conservative envelope: measured Saertex VU 90079 R=-1 C_shear=78 MPa, b=9.709 rounded down to C=62 MPa, b=9",0.09627021963250809,PASS,0.013913656344853228,6.344280519168961e-20,SOURCED_CURVE_PASS
b9_split_plus10,18.45,forward,fatigue_robust_final,stiffness_based,10.0,0.49781018781505815,0.547591206596564,5,0.06,119320000.0,183747251.8382465,212386.75711382105,7.468700670454297,62.0,9.0,"Estimated conservative envelope: measured Saertex VU 90079 R=-1 C_shear=78 MPa, b=9.709 rounded down to C=62 MPa, b=9",0.0969598778883408,PASS,0.013924696165253775,6.405357840140952e-20,SOURCED_CURVE_PASS
b9_split_plus10,18.45,aft,fatigue_robust_final,stiffness_based,10.0,0.5021898121849419,0.452408793403436,6,0.06,142920000.0,185363819.68227163,212386.75711382105,6.116676452222897,62.0,9.0,"Estimated conservative envelope: measured Saertex VU 90079 R=-1 C_shear=78 MPa, b=9.709 rounded down to C=62 MPa, b=9",0.016070380142917513,PASS,0.011403973046517267,5.73918847085508e-21,SOURCED_CURVE_PASS
nominal_b10_split0,22.55,forward,fatigue_robust_final,stiffness_based,0.0,0.4999242164858604,0.4999242164858604,5,0.06,119320000.0,150555378.5467124,194069.742886179,7.604098558892882,62.0,10.0,Conservative design envelope: C=62 MPa from MAT-002 static shear strength and b=10,0.01929084899524061,PASS,0.014177132906410456,7.95792438451067e-20,SOURCED_CURVE_PASS
nominal_b10_split0,22.55,aft,fatigue_robust_final,stiffness_based,0.0,0.5000757835141396,0.5000757835141396,6,0.06,142920000.0,150601023.9276827,194069.742886179,7.604098558892883,62.0,10.0,Conservative design envelope: C=62 MPa from MAT-002 static shear strength and b=10,0.019290848995240643,PASS,0.014177132906410459,7.95792438451069e-20,SOURCED_CURVE_PASS
b9_split0,22.55,forward,fatigue_robust_final,stiffness_based,0.0,0.4999242164858604,0.4999242164858604,5,0.06,119320000.0,150555378.5467124,194069.742886179,7.604098558892882,62.0,9.0,"Estimated conservative envelope: measured Saertex VU 90079 R=-1 C_shear=78 MPa, b=9.709 rounded down to C=62 MPa, b=9",0.1139767337923172,PASS,0.014177132906410456,7.95792438451067e-20,SOURCED_CURVE_PASS
b9_split0,22.55,aft,fatigue_robust_final,stiffness_based,0.0,0.5000757835141396,0.5000757835141396,6,0.06,142920000.0,150601023.9276827,194069.742886179,7.604098558892883,62.0,9.0,"Estimated conservative envelope: measured Saertex VU 90079 R=-1 C_shear=78 MPa, b=9.709 rounded down to C=62 MPa, b=9",0.11397673379231738,PASS,0.014177132906410459,7.95792438451069e-20,SOURCED_CURVE_PASS
b10_split_minus10,22.55,forward,fatigue_robust_final,stiffness_based,-10.0,0.4999242164858604,0.44993179483727436,5,0.06,119320000.0,150555378.5467124,194069.742886179,6.843688703003592,62.0,10.0,Conservative design envelope: C=62 MPa from MAT-002 static shear strength and b=10,0.006726303135865146,PASS,0.01275941961576941,2.2286882439696817e-20,SOURCED_CURVE_PASS
b10_split_minus10,22.55,aft,fatigue_robust_final,stiffness_based,-10.0,0.5000757835141396,0.5500682051627257,6,0.06,142920000.0,150601023.9276827,194069.742886179,8.364277943589743,62.0,10.0,Conservative design envelope: C=62 MPa from MAT-002 static shear strength and b=10,0.0500217093270883,PASS,0.015594416504997823,2.515816086861304e-19,SOURCED_CURVE_PASS
b10_split_plus10,22.55,forward,fatigue_robust_final,stiffness_based,10.0,0.4999242164858604,0.5499166381344465,5,0.06,119320000.0,150555378.5467124,194069.742886179,8.36450841478217,62.0,10.0,Conservative design envelope: C=62 MPa from MAT-002 static shear strength and b=10,0.050035494130333084,PASS,0.015594846197051506,2.516653616747593e-19,SOURCED_CURVE_PASS
b10_split_plus10,22.55,aft,fatigue_robust_final,stiffness_based,10.0,0.5000757835141396,0.45008336186555353,6,0.06,142920000.0,150601023.9276827,194069.742886179,6.843919174196022,62.0,10.0,Conservative design envelope: C=62 MPa from MAT-002 static shear strength and b=10,0.006728568659794179,PASS,0.012759849307823092,2.2295950693892885e-20,SOURCED_CURVE_PASS
b9_split_minus10,22.55,forward,fatigue_robust_final,stiffness_based,-10.0,0.4999242164858604,0.44993179483727436,5,0.06,119320000.0,150555378.5467124,194069.742886179,6.843688703003592,62.0,9.0,"Estimated conservative envelope: measured Saertex VU 90079 R=-1 C_shear=78 MPa, b=9.709 rounded down to C=62 MPa, b=9",0.04415692194044234,PASS,0.01275941961576941,2.2286882439696817e-20,SOURCED_CURVE_PASS
b9_split_minus10,22.55,aft,fatigue_robust_final,stiffness_based,-10.0,0.5000757835141396,0.5500682051627257,6,0.06,142920000.0,150601023.9276827,194069.742886179,8.364277943589743,62.0,9.0,"Estimated conservative envelope: measured Saertex VU 90079 R=-1 C_shear=78 MPa, b=9.709 rounded down to C=62 MPa, b=9",0.2686845383821647,PASS,0.015594416504997823,2.515816086861304e-19,SOURCED_CURVE_PASS
b9_split_plus10,22.55,forward,fatigue_robust_final,stiffness_based,10.0,0.4999242164858604,0.5499166381344465,5,0.06,119320000.0,150555378.5467124,194069.742886179,8.36450841478217,62.0,9.0,"Estimated conservative envelope: measured Saertex VU 90079 R=-1 C_shear=78 MPa, b=9.709 rounded down to C=62 MPa, b=9",0.26875117627331646,PASS,0.015594846197051506,2.516653616747593e-19,SOURCED_CURVE_PASS
b9_split_plus10,22.55,aft,fatigue_robust_final,stiffness_based,10.0,0.5000757835141396,0.45008336186555353,6,0.06,142920000.0,150601023.9276827,194069.742886179,6.843919174196022,62.0,9.0,"Estimated conservative envelope: measured Saertex VU 90079 R=-1 C_shear=78 MPa, b=9.709 rounded down to C=62 MPa, b=9",0.0441703071817961,PASS,0.012759849307823092,2.2295950693892885e-20,SOURCED_CURVE_PASS
nominal_b10_split0,26.65,forward,fatigue_robust_final,stiffness_based,0.0,0.48700210872901034,0.48700210872901034,5,0.06,119320000.0,119524554.16865844,175708.31300813012,8.447885630747251,62.0,10.0,Conservative design envelope: C=62 MPa from MAT-002 static shear strength and b=10,0.05525279164532104,PASS,0.015750295243766064,2.8369997155606553e-19,SOURCED_CURVE_PASS
nominal_b10_split0,26.65,aft,fatigue_robust_final,stiffness_based,0.0,0.5129978912709896,0.5129978912709896,6,0.06,142920000.0,125904679.14738706,175708.31300813012,8.447885630747251,62.0,10.0,Conservative design envelope: C=62 MPa from MAT-002 static shear strength and b=10,0.05525279164532104,PASS,0.015750295243766064,2.8369997155606553e-19,SOURCED_CURVE_PASS
b9_split0,26.65,forward,fatigue_robust_final,stiffness_based,0.0,0.48700210872901034,0.48700210872901034,5,0.06,119320000.0,119524554.16865844,175708.31300813012,8.447885630747251,62.0,9.0,"Estimated conservative envelope: measured Saertex VU 90079 R=-1 C_shear=78 MPa, b=9.709 rounded down to C=62 MPa, b=9",0.29384533681693864,PASS,0.015750295243766064,2.8369997155606553e-19,SOURCED_CURVE_PASS
b9_split0,26.65,aft,fatigue_robust_final,stiffness_based,0.0,0.5129978912709896,0.5129978912709896,6,0.06,142920000.0,125904679.14738706,175708.31300813012,8.447885630747251,62.0,9.0,"Estimated conservative envelope: measured Saertex VU 90079 R=-1 C_shear=78 MPa, b=9.709 rounded down to C=62 MPa, b=9",0.29384533681693864,PASS,0.015750295243766064,2.8369997155606553e-19,SOURCED_CURVE_PASS
b10_split_minus10,26.65,forward,fatigue_robust_final,stiffness_based,-10.0,0.48700210872901034,0.4383018978561093,5,0.06,119320000.0,119524554.16865844,175708.31300813012,7.6030970676725245,62.0,10.0,Conservative design envelope: C=62 MPa from MAT-002 static shear strength and b=10,0.0192654572020608,PASS,0.014175265719389454,7.945272672509978e-20,SOURCED_CURVE_PASS
b10_split_minus10,26.65,aft,fatigue_robust_final,stiffness_based,-10.0,0.5129978912709896,0.5616981021438907,6,0.06,142920000.0,125904679.14738706,175708.31300813012,9.249865168378946,62.0,10.0,Conservative design envelope: C=62 MPa from MAT-002 static shear strength and b=10,0.13684470304494784,PASS,0.017245511330876,8.485135879468526e-19,SOURCED_CURVE_PASS
b10_split_plus10,26.65,forward,fatigue_robust_final,stiffness_based,10.0,0.48700210872901034,0.5357023196019114,5,0.06,119320000.0,119524554.16865844,175708.31300813012,9.292674193821975,62.0,10.0,Conservative design envelope: C=62 MPa from MAT-002 static shear strength and b=10,0.14331151172952747,PASS,0.017325324768142667,8.971869107947785e-19,SOURCED_CURVE_PASS
b10_split_plus10,26.65,aft,fatigue_robust_final,stiffness_based,10.0,0.5129978912709896,0.4642976803980886,6,0.06,142920000.0,125904679.14738706,175708.31300813012,7.645906093115559,62.0,10.0,Conservative design envelope: C=62 MPa from MAT-002 static shear strength and b=10,0.02037809423433545,PASS,0.014255079156656126,8.502858966860186e-20,SOURCED_CURVE_PASS
b9_split_minus10,26.65,forward,fatigue_robust_final,stiffness_based,-10.0,0.48700210872901034,0.4383018978561093,5,0.06,119320000.0,119524554.16865844,175708.31300813012,7.6030970676725245,62.0,9.0,"Estimated conservative envelope: measured Saertex VU 90079 R=-1 C_shear=78 MPa, b=9.709 rounded down to C=62 MPa, b=9",0.11384170407998778,PASS,0.014175265719389454,7.945272672509978e-20,SOURCED_CURVE_PASS
b9_split_minus10,26.65,aft,fatigue_robust_final,stiffness_based,-10.0,0.5129978912709896,0.5616981021438907,6,0.06,142920000.0,125904679.14738706,175708.31300813012,9.249865168378946,62.0,9.0,"Estimated conservative envelope: measured Saertex VU 90079 R=-1 C_shear=78 MPa, b=9.709 rounded down to C=62 MPa, b=9",0.6646686456804617,PASS,0.017245511330876,8.485135879468526e-19,SOURCED_CURVE_PASS
b9_split_plus10,26.65,forward,fatigue_robust_final,stiffness_based,10.0,0.48700210872901034,0.5357023196019114,5,0.06,119320000.0,119524554.16865844,175708.31300813012,9.292674193821975,62.0,9.0,"Estimated conservative envelope: measured Saertex VU 90079 R=-1 C_shear=78 MPa, b=9.709 rounded down to C=62 MPa, b=9",0.6928719334586165,PASS,0.017325324768142667,8.971869107947785e-19,SOURCED_CURVE_PASS
b9_split_plus10,26.65,aft,fatigue_robust_final,stiffness_based,10.0,0.5129978912709896,0.4642976803980886,6,0.06,142920000.0,125904679.14738706,175708.31300813012,7.645906093115559,62.0,9.0,"Estimated conservative envelope: measured Saertex VU 90079 R=-1 C_shear=78 MPa, b=9.709 rounded down to C=62 MPa, b=9",0.1197421935216039,PASS,0.014255079156656126,8.502858966860186e-20,SOURCED_CURVE_PASS
nominal_b10_split0,30.75,forward,fatigue_robust_final,stiffness_based,0.0,0.4891931776268477,0.4891931776268477,5,0.06,119320000.0,111786929.61321083,153544.90345528448,7.928787470746422,62.0,10.0,Conservative design envelope: C=62 MPa from MAT-002 static shear strength and b=10,0.029305000795418472,PASS,0.014782485114950958,1.3187455483380638e-19,SOURCED_CURVE_PASS
nominal_b10_split0,30.75,aft,fatigue_robust_final,stiffness_based,0.0,0.5108068223731523,0.5108068223731523,6,0.06,142920000.0,116725925.27881083,153544.90345528448,7.928787470746424,62.0,10.0,Conservative design envelope: C=62 MPa from MAT-002 static shear strength and b=10,0.029305000795418513,PASS,0.01478248511495096,1.3187455483380672e-19,SOURCED_CURVE_PASS
b9_split0,30.75,forward,fatigue_robust_final,stiffness_based,0.0,0.4891931776268477,0.4891931776268477,5,0.06,119320000.0,111786929.61321083,153544.90345528448,7.928787470746422,62.0,9.0,"Estimated conservative envelope: measured Saertex VU 90079 R=-1 C_shear=78 MPa, b=9.709 rounded down to C=62 MPa, b=9",0.16605332024211877,PASS,0.014782485114950958,1.3187455483380638e-19,SOURCED_CURVE_PASS
b9_split0,30.75,aft,fatigue_robust_final,stiffness_based,0.0,0.5108068223731523,0.5108068223731523,6,0.06,142920000.0,116725925.27881083,153544.90345528448,7.928787470746424,62.0,9.0,"Estimated conservative envelope: measured Saertex VU 90079 R=-1 C_shear=78 MPa, b=9.709 rounded down to C=62 MPa, b=9",0.166053320242119,PASS,0.01478248511495096,1.3187455483380672e-19,SOURCED_CURVE_PASS
b10_split_minus10,30.75,forward,fatigue_robust_final,stiffness_based,-10.0,0.4891931776268477,0.44027385986416295,5,0.06,119320000.0,111786929.61321083,153544.90345528448,7.135908723671781,62.0,10.0,Conservative design envelope: C=62 MPa from MAT-002 static shear strength and b=10,0.010218021964475781,PASS,0.013304236603455864,3.693265427463744e-20,SOURCED_CURVE_PASS
b10_split_minus10,30.75,aft,fatigue_robust_final,stiffness_based,-10.0,0.5108068223731523,0.5597261401358371,6,0.06,142920000.0,116725925.27881083,153544.90345528448,8.688117332380285,62.0,10.0,Conservative design envelope: C=62 MPa from MAT-002 static shear strength and b=10,0.07313592237958917,PASS,0.016198184856980196,3.980753863406881e-19,SOURCED_CURVE_PASS
b10_split_plus10,30.75,forward,fatigue_robust_final,stiffness_based,10.0,0.4891931776268477,0.5381124953895325,5,0.06,119320000.0,111786929.61321083,153544.90345528448,8.721666217821067,62.0,10.0,Conservative design envelope: C=62 MPa from MAT-002 static shear strength and b=10,0.07600962485634132,PASS,0.016260733626446058,4.1704665606707014e-19,SOURCED_CURVE_PASS
b10_split_plus10,30.75,aft,fatigue_robust_final,stiffness_based,10.0,0.5108068223731523,0.46188750461046746,6,0.06,142920000.0,116725925.27881083,153544.90345528448,7.169457609112562,62.0,10.0,Conservative design envelope: C=62 MPa from MAT-002 static shear strength and b=10,0.010708705652432243,PASS,0.013366785372921724,3.9085679022442634e-20,SOURCED_CURVE_PASS
b9_split_minus10,30.75,forward,fatigue_robust_final,stiffness_based,-10.0,0.4891931776268477,0.44027385986416295,5,0.06,119320000.0,111786929.61321083,153544.90345528448,7.135908723671781,62.0,9.0,"Estimated conservative envelope: measured Saertex VU 90079 R=-1 C_shear=78 MPa, b=9.709 rounded down to C=62 MPa, b=9",0.06433245852827532,PASS,0.013304236603455864,3.693265427463744e-20,SOURCED_CURVE_PASS
b9_split_minus10,30.75,aft,fatigue_robust_final,stiffness_based,-10.0,0.5108068223731523,0.5597261401358371,6,0.06,142920000.0,116725925.27881083,153544.90345528448,8.688117332380285,62.0,9.0,"Estimated conservative envelope: measured Saertex VU 90079 R=-1 C_shear=78 MPa, b=9.709 rounded down to C=62 MPa, b=9",0.37819664224781335,PASS,0.016198184856980196,3.980753863406881e-19,SOURCED_CURVE_PASS
b9_split_plus10,30.75,forward,fatigue_robust_final,stiffness_based,10.0,0.4891931776268477,0.5381124953895325,5,0.06,119320000.0,111786929.61321083,153544.90345528448,8.721666217821067,62.0,9.0,"Estimated conservative envelope: measured Saertex VU 90079 R=-1 C_shear=78 MPa, b=9.709 rounded down to C=62 MPa, b=9",0.3915450430477882,PASS,0.016260733626446058,4.1704665606707014e-19,SOURCED_CURVE_PASS
b9_split_plus10,30.75,aft,fatigue_robust_final,stiffness_based,10.0,0.5108068223731523,0.46188750461046746,6,0.06,142920000.0,116725925.27881083,153544.90345528448,7.169457609112562,62.0,9.0,"Estimated conservative envelope: measured Saertex VU 90079 R=-1 C_shear=78 MPa, b=9.709 rounded down to C=62 MPa, b=9",0.06710629833206921,PASS,0.013366785372921724,3.9085679022442634e-20,SOURCED_CURVE_PASS
nominal_b10_split0,34.85,forward,fatigue_robust_final,stiffness_based,0.0,0.48356846452968083,0.48356846452968083,5,0.06,119320000.0,87491431.63856551,128849.80182926828,8.40346141298258,62.0,10.0,Conservative design envelope: C=62 MPa from MAT-002 static shear strength and b=10,0.05241505806161756,PASS,0.01566747043098447,2.661940364399689e-19,SOURCED_CURVE_PASS
nominal_b10_split0,34.85,aft,fatigue_robust_final,stiffness_based,0.0,0.5164315354703191,0.5164315354703192,6,0.06,142920000.0,93437305.56446894,128849.80182926828,8.40346141298258,62.0,10.0,Conservative design envelope: C=62 MPa from MAT-002 static shear strength and b=10,0.05241505806161756,PASS,0.01566747043098447,2.661940364399689e-19,SOURCED_CURVE_PASS
b9_split0,34.85,forward,fatigue_robust_final,stiffness_based,0.0,0.48356846452968083,0.48356846452968083,5,0.06,119320000.0,87491431.63856551,128849.80182926828,8.40346141298258,62.0,9.0,"Estimated conservative envelope: measured Saertex VU 90079 R=-1 C_shear=78 MPa, b=9.709 rounded down to C=62 MPa, b=9",0.2802273140115282,PASS,0.01566747043098447,2.661940364399689e-19,SOURCED_CURVE_PASS
b9_split0,34.85,aft,fatigue_robust_final,stiffness_based,0.0,0.5164315354703191,0.5164315354703192,6,0.06,142920000.0,93437305.56446894,128849.80182926828,8.40346141298258,62.0,9.0,"Estimated conservative envelope: measured Saertex VU 90079 R=-1 C_shear=78 MPa, b=9.709 rounded down to C=62 MPa, b=9",0.2802273140115282,PASS,0.01566747043098447,2.661940364399689e-19,SOURCED_CURVE_PASS
b10_split_minus10,34.85,forward,fatigue_robust_final,stiffness_based,-10.0,0.48356846452968083,0.43521161807671277,5,0.06,119320000.0,87491431.63856551,128849.80182926828,7.563115271684323,62.0,10.0,Conservative design envelope: C=62 MPa from MAT-002 static shear strength and b=10,0.01827600068267577,PASS,0.014100723387886024,7.45500322651123e-20,SOURCED_CURVE_PASS
b10_split_minus10,34.85,aft,fatigue_robust_final,stiffness_based,-10.0,0.5164315354703191,0.5647883819232873,6,0.06,142920000.0,93437305.56446894,128849.80182926828,9.190332208645668,62.0,10.0,Conservative design envelope: C=62 MPa from MAT-002 static shear strength and b=10,0.12828801130807893,PASS,0.01713451767713599,7.84845484031503e-19,SOURCED_CURVE_PASS
b10_split_plus10,34.85,forward,fatigue_robust_final,stiffness_based,10.0,0.48356846452968083,0.531925310982649,5,0.06,119320000.0,87491431.63856551,128849.80182926828,9.243807554280838,62.0,10.0,Conservative design envelope: C=62 MPa from MAT-002 static shear strength and b=10,0.13595116164302426,PASS,0.01723421747408292,8.418252702516458e-19,SOURCED_CURVE_PASS
b10_split_plus10,34.85,aft,fatigue_robust_final,stiffness_based,10.0,0.5164315354703191,0.46807468901735105,6,0.06,142920000.0,93437305.56446894,128849.80182926828,7.61659061731949,62.0,10.0,Conservative design envelope: C=62 MPa from MAT-002 static shear strength and b=10,0.019610113311435612,PASS,0.014200423184832948,8.117295426483124e-20,SOURCED_CURVE_PASS
b9_split_minus10,34.85,forward,fatigue_robust_final,stiffness_based,-10.0,0.48356846452968083,0.43521161807671277,5,0.06,119320000.0,87491431.63856551,128849.80182926828,7.563115271684323,62.0,9.0,"Estimated conservative envelope: measured Saertex VU 90079 R=-1 C_shear=78 MPa, b=9.709 rounded down to C=62 MPa, b=9",0.10856580302550295,PASS,0.014100723387886024,7.45500322651123e-20,SOURCED_CURVE_PASS
b9_split_minus10,34.85,aft,fatigue_robust_final,stiffness_based,-10.0,0.5164315354703191,0.5647883819232873,6,0.06,142920000.0,93437305.56446894,128849.80182926828,9.190332208645668,62.0,9.0,"Estimated conservative envelope: measured Saertex VU 90079 R=-1 C_shear=78 MPa, b=9.709 rounded down to C=62 MPa, b=9",0.6271442800226511,PASS,0.01713451767713599,7.84845484031503e-19,SOURCED_CURVE_PASS
b9_split_plus10,34.85,forward,fatigue_robust_final,stiffness_based,10.0,0.48356846452968083,0.531925310982649,5,0.06,119320000.0,87491431.63856551,128849.80182926828,9.243807554280838,62.0,9.0,"Estimated conservative envelope: measured Saertex VU 90079 R=-1 C_shear=78 MPa, b=9.709 rounded down to C=62 MPa, b=9",0.6607613480286149,PASS,0.01723421747408292,8.418252702516458e-19,SOURCED_CURVE_PASS
b9_split_plus10,34.85,aft,fatigue_robust_final,stiffness_based,10.0,0.5164315354703191,0.46807468901735105,6,0.06,142920000.0,93437305.56446894,128849.80182926828,7.61659061731949,62.0,9.0,"Estimated conservative envelope: measured Saertex VU 90079 R=-1 C_shear=78 MPa, b=9.709 rounded down to C=62 MPa, b=9",0.11567302492370767,PASS,0.014200423184832948,8.117295426483124e-20,SOURCED_CURVE_PASS
nominal_b10_split0,38.95,forward,fatigue_robust_final,stiffness_based,0.0,0.4857943790309471,0.4857943790309471,5,0.06,119320000.0,81193609.43053912,109449.0457317073,7.7272439621810625,62.0,10.0,Conservative design envelope: C=62 MPa from MAT-002 static shear strength and b=10,0.022652712221166424,PASS,0.014406726031185032,9.662301804959702e-20,SOURCED_CURVE_PASS
nominal_b10_split0,38.95,aft,fatigue_robust_final,stiffness_based,0.0,0.514205620969053,0.5142056209690529,6,0.06,142920000.0,85942143.75067823,109449.0457317073,7.727243962181062,62.0,10.0,Conservative design envelope: C=62 MPa from MAT-002 static shear strength and b=10,0.02265271222116639,PASS,0.01440672603118503,9.662301804959678e-20,SOURCED_CURVE_PASS
b9_split0,38.95,forward,fatigue_robust_final,stiffness_based,0.0,0.4857943790309471,0.4857943790309471,5,0.06,119320000.0,81193609.43053912,109449.0457317073,7.7272439621810625,62.0,9.0,"Estimated conservative envelope: measured Saertex VU 90079 R=-1 C_shear=78 MPa, b=9.709 rounded down to C=62 MPa, b=9",0.13170679663382037,PASS,0.014406726031185032,9.662301804959702e-20,SOURCED_CURVE_PASS
b9_split0,38.95,aft,fatigue_robust_final,stiffness_based,0.0,0.514205620969053,0.5142056209690529,6,0.06,142920000.0,85942143.75067823,109449.0457317073,7.727243962181062,62.0,9.0,"Estimated conservative envelope: measured Saertex VU 90079 R=-1 C_shear=78 MPa, b=9.709 rounded down to C=62 MPa, b=9",0.13170679663382015,PASS,0.01440672603118503,9.662301804959678e-20,SOURCED_CURVE_PASS
b10_split_minus10,38.95,forward,fatigue_robust_final,stiffness_based,-10.0,0.4857943790309471,0.43721494112785236,5,0.06,119320000.0,81193609.43053912,109449.0457317073,6.954519565962957,62.0,10.0,Conservative design envelope: C=62 MPa from MAT-002 static shear strength and b=10,0.007898512361310521,PASS,0.012966053428066528,2.7060144582819846e-20,SOURCED_CURVE_PASS
b10_split_minus10,38.95,aft,fatigue_robust_final,stiffness_based,-10.0,0.514205620969053,0.5627850588721477,6,0.06,142920000.0,85942143.75067823,109449.0457317073,8.457273259634874,62.0,10.0,Conservative design envelope: C=62 MPa from MAT-002 static shear strength and b=10,0.05586986222525937,PASS,0.015767797602709088,2.8753183036179425e-19,SOURCED_CURVE_PASS
b10_split_plus10,38.95,forward,fatigue_robust_final,stiffness_based,10.0,0.4857943790309471,0.5343738169340418,5,0.06,119320000.0,81193609.43053912,109449.0457317073,8.499968358399169,62.0,10.0,Conservative design envelope: C=62 MPa from MAT-002 static shear strength and b=10,0.05875530152446551,PASS,0.015847398634303535,3.055654415476545e-19,SOURCED_CURVE_PASS
b10_split_plus10,38.95,aft,fatigue_robust_final,stiffness_based,10.0,0.514205620969053,0.46562618306595815,6,0.06,142920000.0,85942143.75067823,109449.0457317073,6.997214664727251,62.0,10.0,Conservative design envelope: C=62 MPa from MAT-002 static shear strength and b=10,0.008397034656980494,PASS,0.013045654459660976,2.9136644159769074e-20,SOURCED_CURVE_PASS
b9_split_minus10,38.95,forward,fatigue_robust_final,stiffness_based,-10.0,0.4857943790309471,0.43721494112785236,5,0.06,119320000.0,81193609.43053912,109449.0457317073,6.954519565962957,62.0,9.0,"Estimated conservative envelope: measured Saertex VU 90079 R=-1 C_shear=78 MPa, b=9.709 rounded down to C=62 MPa, b=9",0.05102591155649827,PASS,0.012966053428066528,2.7060144582819846e-20,SOURCED_CURVE_PASS
b9_split_minus10,38.95,aft,fatigue_robust_final,stiffness_based,-10.0,0.514205620969053,0.5627850588721477,6,0.06,142920000.0,85942143.75067823,109449.0457317073,8.457273259634874,62.0,9.0,"Estimated conservative envelope: measured Saertex VU 90079 R=-1 C_shear=78 MPa, b=9.709 rounded down to C=62 MPa, b=9",0.2967972279405903,PASS,0.015767797602709088,2.8753183036179425e-19,SOURCED_CURVE_PASS
b9_split_plus10,38.95,forward,fatigue_robust_final,stiffness_based,10.0,0.4857943790309471,0.5343738169340418,5,0.06,119320000.0,81193609.43053912,109449.0457317073,8.499968358399169,62.0,9.0,"Estimated conservative envelope: measured Saertex VU 90079 R=-1 C_shear=78 MPa, b=9.709 rounded down to C=62 MPa, b=9",0.31055773701172307,PASS,0.015847398634303535,3.055654415476545e-19,SOURCED_CURVE_PASS
b9_split_plus10,38.95,aft,fatigue_robust_final,stiffness_based,10.0,0.514205620969053,0.46562618306595815,6,0.06,142920000.0,85942143.75067823,109449.0457317073,6.997214664727251,62.0,9.0,"Estimated conservative envelope: measured Saertex VU 90079 R=-1 C_shear=78 MPa, b=9.709 rounded down to C=62 MPa, b=9",0.05391546449098153,PASS,0.013045654459660976,2.9136644159769074e-20,SOURCED_CURVE_PASS
nominal_b10_split0,43.05,forward,fatigue_robust_final,stiffness_based,0.0,0.47480981461616734,0.47480981461616734,5,0.06,119320000.0,63116126.4708,89133.32723577239,7.912276864552546,62.0,10.0,Conservative design envelope: C=62 MPa from MAT-002 static shear strength and b=10,0.028700451237074705,PASS,0.01475170262882678,1.2859526192813126e-19,SOURCED_CURVE_PASS
nominal_b10_split0,43.05,aft,fatigue_robust_final,stiffness_based,0.0,0.5251901853838327,0.5251901853838327,6,0.06,142920000.0,69813152.84879999,89133.32723577239,7.912276864552546,62.0,10.0,Conservative design envelope: C=62 MPa from MAT-002 static shear strength and b=10,0.028700451237074705,PASS,0.01475170262882678,1.2859526192813126e-19,SOURCED_CURVE_PASS
b9_split0,43.05,forward,fatigue_robust_final,stiffness_based,0.0,0.47480981461616734,0.47480981461616734,5,0.06,119320000.0,63116126.4708,89133.32723577239,7.912276864552546,62.0,9.0,"Estimated conservative envelope: measured Saertex VU 90079 R=-1 C_shear=78 MPa, b=9.709 rounded down to C=62 MPa, b=9",0.16296706812698417,PASS,0.01475170262882678,1.2859526192813126e-19,SOURCED_CURVE_PASS
b9_split0,43.05,aft,fatigue_robust_final,stiffness_based,0.0,0.5251901853838327,0.5251901853838327,6,0.06,142920000.0,69813152.84879999,89133.32723577239,7.912276864552546,62.0,9.0,"Estimated conservative envelope: measured Saertex VU 90079 R=-1 C_shear=78 MPa, b=9.709 rounded down to C=62 MPa, b=9",0.16296706812698417,PASS,0.01475170262882678,1.2859526192813126e-19,SOURCED_CURVE_PASS
b10_split_minus10,43.05,forward,fatigue_robust_final,stiffness_based,-10.0,0.47480981461616734,0.4273288331545506,5,0.06,119320000.0,63116126.4708,89133.32723577239,7.121049178097293,62.0,10.0,Conservative design envelope: C=62 MPa from MAT-002 static shear strength and b=10,0.010007228567509335,PASS,0.013276532365944105,3.60142588244826e-20,SOURCED_CURVE_PASS
b10_split_minus10,43.05,aft,fatigue_robust_final,stiffness_based,-10.0,0.5251901853838327,0.5726711668454494,6,0.06,142920000.0,69813152.84879999,89133.32723577239,8.627603771985958,62.0,10.0,Conservative design envelope: C=62 MPa from MAT-002 static shear strength and b=10,0.06819866690736938,PASS,0.016085362964719588,3.6584460700184945e-19,SOURCED_CURVE_PASS
b10_split_plus10,43.05,forward,fatigue_robust_final,stiffness_based,10.0,0.47480981461616734,0.5222907960777841,5,0.06,119320000.0,63116126.4708,89133.32723577239,8.703504551007802,62.0,10.0,Conservative design envelope: C=62 MPa from MAT-002 static shear strength and b=10,0.07444157899763028,PASS,0.01622687289170946,4.066760569602153e-19,SOURCED_CURVE_PASS
b10_split_plus10,43.05,aft,fatigue_robust_final,stiffness_based,10.0,0.5251901853838327,0.47770920392221594,6,0.06,142920000.0,69813152.84879999,89133.32723577239,7.196949957119133,62.0,10.0,Conservative design envelope: C=62 MPa from MAT-002 static shear strength and b=10,0.011126505783603455,PASS,0.013418042292933977,4.0935190489919213e-20,SOURCED_CURVE_PASS
b9_split_minus10,43.05,forward,fatigue_robust_final,stiffness_based,-10.0,0.47480981461616734,0.4273288331545506,5,0.06,119320000.0,63116126.4708,89133.32723577239,7.121049178097293,62.0,9.0,"Estimated conservative envelope: measured Saertex VU 90079 R=-1 C_shear=78 MPa, b=9.709 rounded down to C=62 MPa, b=9",0.06313678122465258,PASS,0.013276532365944105,3.60142588244826e-20,SOURCED_CURVE_PASS
b9_split_minus10,43.05,aft,fatigue_robust_final,stiffness_based,-10.0,0.5251901853838327,0.5726711668454494,6,0.06,142920000.0,69813152.84879999,89133.32723577239,8.627603771985958,62.0,9.0,"Estimated conservative envelope: measured Saertex VU 90079 R=-1 C_shear=78 MPa, b=9.709 rounded down to C=62 MPa, b=9",0.3551389423325057,PASS,0.016085362964719588,3.6584460700184945e-19,SOURCED_CURVE_PASS
b9_split_plus10,43.05,forward,fatigue_robust_final,stiffness_based,10.0,0.47480981461616734,0.5222907960777841,5,0.06,119320000.0,63116126.4708,89133.32723577239,8.703504551007802,62.0,9.0,"Estimated conservative envelope: measured Saertex VU 90079 R=-1 C_shear=78 MPa, b=9.709 rounded down to C=62 MPa, b=9",0.3842678219990622,PASS,0.01622687289170946,4.066760569602153e-19,SOURCED_CURVE_PASS
b9_split_plus10,43.05,aft,fatigue_robust_final,stiffness_based,10.0,0.5251901853838327,0.47770920392221594,6,0.06,142920000.0,69813152.84879999,89133.32723577239,7.196949957119133,62.0,9.0,"Estimated conservative envelope: measured Saertex VU 90079 R=-1 C_shear=78 MPa, b=9.709 rounded down to C=62 MPa, b=9",0.06945810304441957,PASS,0.013418042292933977,4.0935190489919213e-20,SOURCED_CURVE_PASS
nominal_b10_split0,47.15,forward,fatigue_robust_final,stiffness_based,0.0,0.47669599296610016,0.47669599296610016,5,0.06,119320000.0,57587988.63151999,63354.48373983739,6.188265733602993,62.0,10.0,Conservative design envelope: C=62 MPa from MAT-002 static shear strength and b=10,0.00245789607470794,PASS,0.011537444588073377,6.605354264088356e-21,SOURCED_CURVE_PASS
nominal_b10_split0,47.15,aft,fatigue_robust_final,stiffness_based,0.0,0.5233040070338998,0.5233040070338999,6,0.06,142920000.0,63218541.06719998,63354.48373983739,6.188265733602994,62.0,10.0,Conservative design envelope: C=62 MPa from MAT-002 static shear strength and b=10,0.0024578960747079453,PASS,0.01153744458807338,6.605354264088367e-21,SOURCED_CURVE_PASS
b9_split0,47.15,forward,fatigue_robust_final,stiffness_based,0.0,0.47669599296610016,0.47669599296610016,5,0.06,119320000.0,57587988.63151999,63354.48373983739,6.188265733602993,62.0,9.0,"Estimated conservative envelope: measured Saertex VU 90079 R=-1 C_shear=78 MPa, b=9.709 rounded down to C=62 MPa, b=9",0.017844614259373857,PASS,0.011537444588073377,6.605354264088356e-21,SOURCED_CURVE_PASS
b9_split0,47.15,aft,fatigue_robust_final,stiffness_based,0.0,0.5233040070338998,0.5233040070338999,6,0.06,142920000.0,63218541.06719998,63354.48373983739,6.188265733602994,62.0,9.0,"Estimated conservative envelope: measured Saertex VU 90079 R=-1 C_shear=78 MPa, b=9.709 rounded down to C=62 MPa, b=9",0.017844614259373892,PASS,0.01153744458807338,6.605354264088367e-21,SOURCED_CURVE_PASS
b10_split_minus10,47.15,forward,fatigue_robust_final,stiffness_based,-10.0,0.47669599296610016,0.42902639366949014,5,0.06,119320000.0,57587988.63151999,63354.48373983739,5.569439160242695,62.0,10.0,Conservative design envelope: C=62 MPa from MAT-002 static shear strength and b=10,0.0008570153692570796,PASS,0.010383700129266041,1.8498888258202408e-21,SOURCED_CURVE_PASS
b10_split_minus10,47.15,aft,fatigue_robust_final,stiffness_based,-10.0,0.5233040070338998,0.5709736063305099,6,0.06,142920000.0,63218541.06719998,63354.48373983739,6.751976585988436,62.0,10.0,Conservative design envelope: C=62 MPa from MAT-002 static shear strength and b=10,0.005877372885632532,PASS,0.01258843092302929,1.8935149908766834e-20,SOURCED_CURVE_PASS
b10_split_plus10,47.15,forward,fatigue_robust_final,stiffness_based,10.0,0.47669599296610016,0.5243655922627102,5,0.06,119320000.0,57587988.63151999,63354.48373983739,6.807092306963292,62.0,10.0,Conservative design envelope: C=62 MPa from MAT-002 static shear strength and b=10,0.006375149411483106,PASS,0.012691189046880713,2.0889101096477867e-20,SOURCED_CURVE_PASS
b10_split_plus10,47.15,aft,fatigue_robust_final,stiffness_based,10.0,0.5233040070338998,0.4756344077372898,6,0.06,142920000.0,63218541.06719998,63354.48373983739,5.624554881217551,62.0,10.0,Conservative design envelope: C=62 MPa from MAT-002 static shear strength and b=10,0.000945704719490772,PASS,0.010486458253117469,2.083570019733683e-21,SOURCED_CURVE_PASS
b9_split_minus10,47.15,forward,fatigue_robust_final,stiffness_based,-10.0,0.47669599296610016,0.42902639366949014,5,0.06,119320000.0,57587988.63151999,63354.48373983739,5.569439160242695,62.0,9.0,"Estimated conservative envelope: measured Saertex VU 90079 R=-1 C_shear=78 MPa, b=9.709 rounded down to C=62 MPa, b=9",0.006913369182383007,PASS,0.010383700129266041,1.8498888258202408e-21,SOURCED_CURVE_PASS
b9_split_minus10,47.15,aft,fatigue_robust_final,stiffness_based,-10.0,0.5233040070338998,0.5709736063305099,6,0.06,142920000.0,63218541.06719998,63354.48373983739,6.751976585988436,62.0,9.0,"Estimated conservative envelope: measured Saertex VU 90079 R=-1 C_shear=78 MPa, b=9.709 rounded down to C=62 MPa, b=9",0.03910793823182265,PASS,0.01258843092302929,1.8935149908766834e-20,SOURCED_CURVE_PASS
b9_split_plus10,47.15,forward,fatigue_robust_final,stiffness_based,10.0,0.47669599296610016,0.5243655922627102,5,0.06,119320000.0,57587988.63151999,63354.48373983739,6.807092306963292,62.0,9.0,"Estimated conservative envelope: measured Saertex VU 90079 R=-1 C_shear=78 MPa, b=9.709 rounded down to C=62 MPa, b=9",0.04207666698967626,PASS,0.012691189046880713,2.0889101096477867e-20,SOURCED_CURVE_PASS
b9_split_plus10,47.15,aft,fatigue_robust_final,stiffness_based,10.0,0.5233040070338998,0.4756344077372898,6,0.06,142920000.0,63218541.06719998,63354.48373983739,5.624554881217551,62.0,9.0,"Estimated conservative envelope: measured Saertex VU 90079 R=-1 C_shear=78 MPa, b=9.709 rounded down to C=62 MPa, b=9",0.007554052533378066,PASS,0.010486458253117469,2.083570019733683e-21,SOURCED_CURVE_PASS
nominal_b10_split0,51.25,forward,fatigue_robust_final,stiffness_based,0.0,0.4788023795618062,0.4788023795618062,5,0.06,119320000.0,52013768.69232,42286.83035365047,4.593303253667847,62.0,10.0,Conservative design envelope: C=62 MPa from MAT-002 static shear strength and b=10,0.00012477430441738143,PASS,0.008563785727177343,1.8039088030640051e-22,SOURCED_CURVE_PASS
nominal_b10_split0,51.25,aft,fatigue_robust_final,stiffness_based,0.0,0.5211976204381937,0.5211976204381938,6,0.06,142920000.0,56619293.53247999,42286.83035365047,4.593303253667848,62.0,10.0,Conservative design envelope: C=62 MPa from MAT-002 static shear strength and b=10,0.0001247743044173816,PASS,0.008563785727177345,1.8039088030640087e-22,SOURCED_CURVE_PASS
b9_split0,51.25,forward,fatigue_robust_final,stiffness_based,0.0,0.4788023795618062,0.4788023795618062,5,0.06,119320000.0,52013768.69232,42286.83035365047,4.593303253667847,62.0,9.0,"Estimated conservative envelope: measured Saertex VU 90079 R=-1 C_shear=78 MPa, b=9.709 rounded down to C=62 MPa, b=9",0.0012204293452742722,PASS,0.008563785727177343,1.8039088030640051e-22,SOURCED_CURVE_PASS
b9_split0,51.25,aft,fatigue_robust_final,stiffness_based,0.0,0.5211976204381937,0.5211976204381938,6,0.06,142920000.0,56619293.53247999,42286.83035365047,4.593303253667848,62.0,9.0,"Estimated conservative envelope: measured Saertex VU 90079 R=-1 C_shear=78 MPa, b=9.709 rounded down to C=62 MPa, b=9",0.0012204293452742737,PASS,0.008563785727177345,1.8039088030640087e-22,SOURCED_CURVE_PASS
b10_split_minus10,51.25,forward,fatigue_robust_final,stiffness_based,-10.0,0.4788023795618062,0.4309221416056256,5,0.06,119320000.0,52013768.69232,42286.83035365047,4.133972928301063,62.0,10.0,Conservative design envelope: C=62 MPa from MAT-002 static shear strength and b=10,4.3506109828815076e-05,PASS,0.007707407154459608,5.052008725299499e-23,SOURCED_CURVE_PASS
b10_split_minus10,51.25,aft,fatigue_robust_final,stiffness_based,-10.0,0.5211976204381937,0.5690778583943744,6,0.06,142920000.0,56619293.53247999,42286.83035365047,5.015270745778829,62.0,10.0,Conservative design envelope: C=62 MPa from MAT-002 static shear strength and b=10,0.0003004815422647712,PASS,0.009350504780265612,5.215540110199227e-22,SOURCED_CURVE_PASS
b10_split_plus10,51.25,forward,fatigue_robust_final,stiffness_based,10.0,0.4788023795618062,0.5266826175179868,5,0.06,119320000.0,52013768.69232,42286.83035365047,5.052633579034632,62.0,10.0,Conservative design envelope: C=62 MPa from MAT-002 static shear strength and b=10,0.0003236324112968049,PASS,0.009420164299895076,5.70477098569839e-22,SOURCED_CURVE_PASS
b10_split_plus10,51.25,aft,fatigue_robust_final,stiffness_based,10.0,0.5211976204381937,0.47331738248201316,6,0.06,142920000.0,56619293.53247999,42286.83035365047,4.171335761556867,62.0,10.0,Conservative design envelope: C=62 MPa from MAT-002 static shear strength and b=10,4.760202809961142e-05,PASS,0.0077770666740890745,5.632055670757993e-23,SOURCED_CURVE_PASS
b9_split_minus10,51.25,forward,fatigue_robust_final,stiffness_based,-10.0,0.4788023795618062,0.4309221416056256,5,0.06,119320000.0,52013768.69232,42286.83035365047,4.133972928301063,62.0,9.0,"Estimated conservative envelope: measured Saertex VU 90079 R=-1 C_shear=78 MPa, b=9.709 rounded down to C=62 MPa, b=9",0.0004728193337361082,PASS,0.007707407154459608,5.052008725299499e-23,SOURCED_CURVE_PASS
b9_split_minus10,51.25,aft,fatigue_robust_final,stiffness_based,-10.0,0.5211976204381937,0.5690778583943744,6,0.06,142920000.0,56619293.53247999,42286.83035365047,5.015270745778829,62.0,9.0,"Estimated conservative envelope: measured Saertex VU 90079 R=-1 C_shear=78 MPa, b=9.709 rounded down to C=62 MPa, b=9",0.00269175804486234,PASS,0.009350504780265612,5.215540110199227e-22,SOURCED_CURVE_PASS
b9_split_plus10,51.25,forward,fatigue_robust_final,stiffness_based,10.0,0.4788023795618062,0.5266826175179868,5,0.06,119320000.0,52013768.69232,42286.83035365047,5.052633579034632,62.0,9.0,"Estimated conservative envelope: measured Saertex VU 90079 R=-1 C_shear=78 MPa, b=9.709 rounded down to C=62 MPa, b=9",0.0028777085567181096,PASS,0.009420164299895076,5.70477098569839e-22,SOURCED_CURVE_PASS
b9_split_plus10,51.25,aft,fatigue_robust_final,stiffness_based,10.0,0.5211976204381937,0.47331738248201316,6,0.06,142920000.0,56619293.53247999,42286.83035365047,4.171335761556867,62.0,9.0,"Estimated conservative envelope: measured Saertex VU 90079 R=-1 C_shear=78 MPa, b=9.709 rounded down to C=62 MPa, b=9",0.0005126995198675281,PASS,0.0077770666740890745,5.632055670757993e-23,SOURCED_CURVE_PASS
nominal_b10_split0,54.6667,forward,fatigue_robust_final,stiffness_based,0.0,0.4808950738578863,0.4808950738578863,5,0.06,119320000.0,47319497.71848,22598.442694669757,2.710008927691784,62.0,10.0,Conservative design envelope: C=62 MPa from MAT-002 static shear strength and b=10,6.376482688157219e-07,PASS,0.005052559017730445,3.0763054798848944e-25,SOURCED_CURVE_PASS
nominal_b10_split0,54.6667,aft,fatigue_robust_final,stiffness_based,0.0,0.5191049261421137,0.5191049261421137,6,0.06,142920000.0,51079301.293680005,22598.442694669757,2.7100089276917845,62.0,10.0,Conservative design envelope: C=62 MPa from MAT-002 static shear strength and b=10,6.376482688157233e-07,PASS,0.005052559017730446,3.076305479884905e-25,SOURCED_CURVE_PASS
b9_split0,54.6667,forward,fatigue_robust_final,stiffness_based,0.0,0.4808950738578863,0.4808950738578863,5,0.06,119320000.0,47319497.71848,22598.442694669757,2.710008927691784,62.0,9.0,"Estimated conservative envelope: measured Saertex VU 90079 R=-1 C_shear=78 MPa, b=9.709 rounded down to C=62 MPa, b=9",1.057117023035678e-05,PASS,0.005052559017730445,3.0763054798848944e-25,SOURCED_CURVE_PASS
b9_split0,54.6667,aft,fatigue_robust_final,stiffness_based,0.0,0.5191049261421137,0.5191049261421137,6,0.06,142920000.0,51079301.293680005,22598.442694669757,2.7100089276917845,62.0,9.0,"Estimated conservative envelope: measured Saertex VU 90079 R=-1 C_shear=78 MPa, b=9.709 rounded down to C=62 MPa, b=9",1.0571170230356803e-05,PASS,0.005052559017730446,3.076305479884905e-25,SOURCED_CURVE_PASS
b10_split_minus10,54.6667,forward,fatigue_robust_final,stiffness_based,-10.0,0.4808950738578863,0.4328055664720977,5,0.06,119320000.0,47319497.71848,22598.442694669757,2.439008034922606,62.0,10.0,Conservative design envelope: C=62 MPa from MAT-002 static shear strength and b=10,2.2233420370313148e-07,PASS,0.004547303115957401,8.615469972576962e-26,SOURCED_CURVE_PASS
b10_split_minus10,54.6667,aft,fatigue_robust_final,stiffness_based,-10.0,0.5191049261421137,0.5671944335279022,6,0.06,142920000.0,51079301.293680005,22598.442694669757,2.9610622076371746,62.0,10.0,Conservative design envelope: C=62 MPa from MAT-002 static shear strength and b=10,1.5464977157802427e-06,PASS,0.005520624454916766,8.970761725081362e-25,SOURCED_CURVE_PASS
b10_split_plus10,54.6667,forward,fatigue_robust_final,stiffness_based,10.0,0.4808950738578863,0.528984581243675,5,0.06,119320000.0,47319497.71848,22598.442694669757,2.9810098204609625,62.0,10.0,Conservative design envelope: C=62 MPa from MAT-002 static shear strength and b=10,1.6538953894365975e-06,PASS,0.005557814919503489,9.728661568136746e-25,SOURCED_CURVE_PASS
b10_split_plus10,54.6667,aft,fatigue_robust_final,stiffness_based,10.0,0.5191049261421137,0.471015418756325,6,0.06,142920000.0,51079301.293680005,22598.442694669757,2.458955647746394,62.0,10.0,Conservative design envelope: C=62 MPa from MAT-002 static shear strength and b=10,2.4120201040507567e-07,PASS,0.004584493580544124,9.506300599761558e-26,SOURCED_CURVE_PASS
b9_split_minus10,54.6667,forward,fatigue_robust_final,stiffness_based,-10.0,0.4808950738578863,0.4328055664720977,5,0.06,119320000.0,47319497.71848,22598.442694669757,2.439008034922606,62.0,9.0,"Estimated conservative envelope: measured Saertex VU 90079 R=-1 C_shear=78 MPa, b=9.709 rounded down to C=62 MPa, b=9",4.095487939947069e-06,PASS,0.004547303115957401,8.615469972576962e-26,SOURCED_CURVE_PASS
b9_split_minus10,54.6667,aft,fatigue_robust_final,stiffness_based,-10.0,0.5191049261421137,0.5671944335279022,6,0.06,142920000.0,51079301.293680005,22598.442694669757,2.9610622076371746,62.0,9.0,"Estimated conservative envelope: measured Saertex VU 90079 R=-1 C_shear=78 MPa, b=9.709 rounded down to C=62 MPa, b=9",2.346466480138075e-05,PASS,0.005520624454916766,8.970761725081362e-25,SOURCED_CURVE_PASS
b9_split_plus10,54.6667,forward,fatigue_robust_final,stiffness_based,10.0,0.4808950738578863,0.528984581243675,5,0.06,119320000.0,47319497.71848,22598.442694669757,2.9810098204609625,62.0,9.0,"Estimated conservative envelope: measured Saertex VU 90079 R=-1 C_shear=78 MPa, b=9.709 rounded down to C=62 MPa, b=9",2.4926266435837726e-05,PASS,0.005557814919503489,9.728661568136746e-25,SOURCED_CURVE_PASS
b9_split_plus10,54.6667,aft,fatigue_robust_final,stiffness_based,10.0,0.5191049261421137,0.471015418756325,6,0.06,142920000.0,51079301.293680005,22598.442694669757,2.458955647746394,62.0,9.0,"Estimated conservative envelope: measured Saertex VU 90079 R=-1 C_shear=78 MPa, b=9.709 rounded down to C=62 MPa, b=9",4.4069977722489424e-06,PASS,0.004584493580544124,9.506300599761558e-26,SOURCED_CURVE_PASS
nominal_b10_split0,57.4,forward,fatigue_robust_final,stiffness_based,0.0,0.4836841674233965,0.4836841674233965,5,0.06,119320000.0,42047222.528,11370.47410334273,1.5434236089059783,62.0,10.0,Conservative design envelope: C=62 MPa from MAT-002 static shear strength and b=10,2.289419409060548e-09,PASS,0.0028775694403331796,3.4248663063919832e-28,SOURCED_CURVE_PASS
nominal_b10_split0,57.4,aft,fatigue_robust_final,stiffness_based,0.0,0.5163158325766035,0.5163158325766035,6,0.06,142920000.0,44883930.815280005,11370.47410334273,1.5434236089059783,62.0,10.0,Conservative design envelope: C=62 MPa from MAT-002 static shear strength and b=10,2.289419409060548e-09,PASS,0.0028775694403331796,3.4248663063919832e-28,SOURCED_CURVE_PASS
b9_split0,57.4,forward,fatigue_robust_final,stiffness_based,0.0,0.4836841674233965,0.4836841674233965,5,0.06,119320000.0,42047222.528,11370.47410334273,1.5434236089059783,62.0,9.0,"Estimated conservative envelope: measured Saertex VU 90079 R=-1 C_shear=78 MPa, b=9.709 rounded down to C=62 MPa, b=9",6.66427368721248e-08,PASS,0.0028775694403331796,3.4248663063919832e-28,SOURCED_CURVE_PASS
b9_split0,57.4,aft,fatigue_robust_final,stiffness_based,0.0,0.5163158325766035,0.5163158325766035,6,0.06,142920000.0,44883930.815280005,11370.47410334273,1.5434236089059783,62.0,9.0,"Estimated conservative envelope: measured Saertex VU 90079 R=-1 C_shear=78 MPa, b=9.709 rounded down to C=62 MPa, b=9",6.66427368721248e-08,PASS,0.0028775694403331796,3.4248663063919832e-28,SOURCED_CURVE_PASS
b10_split_minus10,57.4,forward,fatigue_robust_final,stiffness_based,-10.0,0.4836841674233965,0.4353157506810568,5,0.06,119320000.0,42047222.528,11370.47410334273,1.3890812480153805,62.0,10.0,Conservative design envelope: C=62 MPa from MAT-002 static shear strength and b=10,7.982711882858948e-10,PASS,0.002589812496299862,9.591645893344363e-29,SOURCED_CURVE_PASS
b10_split_minus10,57.4,aft,fatigue_robust_final,stiffness_based,-10.0,0.5163158325766035,0.5646842493189432,6,0.06,142920000.0,44883930.815280005,11370.47410334273,1.688011381767765,62.0,10.0,Conservative design envelope: C=62 MPa from MAT-002 static shear strength and b=10,5.6056719041717526e-09,PASS,0.0031471398643127826,1.010270378218799e-27,SOURCED_CURVE_PASS
b10_split_plus10,57.4,forward,fatigue_robust_final,stiffness_based,10.0,0.4836841674233965,0.5320525841657362,5,0.06,119320000.0,42047222.528,11370.47410334273,1.6977659697965763,62.0,10.0,Conservative design envelope: C=62 MPa from MAT-002 static shear strength and b=10,5.938164330257389e-09,PASS,0.0031653263843664983,1.083096767498167e-27,SOURCED_CURVE_PASS
b10_split_plus10,57.4,aft,fatigue_robust_final,stiffness_based,10.0,0.5163158325766035,0.4679474158342638,6,0.06,142920000.0,44883930.815280005,11370.47410334273,1.3988358360441917,62.0,10.0,Conservative design envelope: C=62 MPa from MAT-002 static shear strength and b=10,8.561334514859478e-10,PASS,0.0026079990163535775,1.0437716077607097e-28,SOURCED_CURVE_PASS
b9_split_minus10,57.4,forward,fatigue_robust_final,stiffness_based,-10.0,0.4836841674233965,0.4353157506810568,5,0.06,119320000.0,42047222.528,11370.47410334273,1.3890812480153805,62.0,9.0,"Estimated conservative envelope: measured Saertex VU 90079 R=-1 C_shear=78 MPa, b=9.709 rounded down to C=62 MPa, b=9",2.581876170729689e-08,PASS,0.002589812496299862,9.591645893344363e-29,SOURCED_CURVE_PASS
b9_split_minus10,57.4,aft,fatigue_robust_final,stiffness_based,-10.0,0.5163158325766035,0.5646842493189432,6,0.06,142920000.0,44883930.815280005,11370.47410334273,1.688011381767765,62.0,9.0,"Estimated conservative envelope: measured Saertex VU 90079 R=-1 C_shear=78 MPa, b=9.709 rounded down to C=62 MPa, b=9",1.4919865487813404e-07,PASS,0.0031471398643127826,1.010270378218799e-27,SOURCED_CURVE_PASS
b9_split_plus10,57.4,forward,fatigue_robust_final,stiffness_based,10.0,0.4836841674233965,0.5320525841657362,5,0.06,119320000.0,42047222.528,11370.47410334273,1.6977659697965763,62.0,9.0,"Estimated conservative envelope: measured Saertex VU 90079 R=-1 C_shear=78 MPa, b=9.709 rounded down to C=62 MPa, b=9",1.571400875295471e-07,PASS,0.0031653263843664983,1.083096767498167e-27,SOURCED_CURVE_PASS
b9_split_plus10,57.4,aft,fatigue_robust_final,stiffness_based,10.0,0.5163158325766035,0.4679474158342638,6,0.06,142920000.0,44883930.815280005,11370.47410334273,1.3988358360441917,62.0,9.0,"Estimated conservative envelope: measured Saertex VU 90079 R=-1 C_shear=78 MPa, b=9.709 rounded down to C=62 MPa, b=9",2.749712701794675e-08,PASS,0.0026079990163535775,1.0437716077607097e-28,SOURCED_CURVE_PASS
nominal_b10_split0,60.1333,forward,fatigue_robust_final,stiffness_based,0.0,0.4960448767108119,0.4960448767108119,5,0.06,119320000.0,25786868.169719998,10802.088976694842,2.4519529142076326,62.0,10.0,Conservative design envelope: C=62 MPa from MAT-002 static shear strength and b=10,2.3442030629416864e-07,PASS,0.004571437636658298,9.184375352096003e-26,SOURCED_CURVE_PASS
nominal_b10_split0,60.1333,aft,fatigue_robust_final,stiffness_based,0.0,0.5039551232891881,0.5039551232891881,6,0.06,142920000.0,26198081.94348,10802.088976694842,2.451952914207632,62.0,10.0,Conservative design envelope: C=62 MPa from MAT-002 static shear strength and b=10,2.3442030629416803e-07,PASS,0.0045714376366582975,9.184375352096003e-26,SOURCED_CURVE_PASS
b9_split0,60.1333,forward,fatigue_robust_final,stiffness_based,0.0,0.4960448767108119,0.4960448767108119,5,0.06,119320000.0,25786868.169719998,10802.088976694842,2.4519529142076326,62.0,9.0,"Estimated conservative envelope: measured Saertex VU 90079 R=-1 C_shear=78 MPa, b=9.709 rounded down to C=62 MPa, b=9",4.2953217998169e-06,PASS,0.004571437636658298,9.184375352096003e-26,SOURCED_CURVE_PASS
b9_split0,60.1333,aft,fatigue_robust_final,stiffness_based,0.0,0.5039551232891881,0.5039551232891881,6,0.06,142920000.0,26198081.94348,10802.088976694842,2.451952914207632,62.0,9.0,"Estimated conservative envelope: measured Saertex VU 90079 R=-1 C_shear=78 MPa, b=9.709 rounded down to C=62 MPa, b=9",4.29532179981689e-06,PASS,0.0045714376366582975,9.184375352096003e-26,SOURCED_CURVE_PASS
b10_split_minus10,60.1333,forward,fatigue_robust_final,stiffness_based,-10.0,0.4960448767108119,0.4464403890397307,5,0.06,119320000.0,25786868.169719998,10802.088976694842,2.2067576227868693,62.0,10.0,Conservative design envelope: C=62 MPa from MAT-002 static shear strength and b=10,8.173730672641483e-08,PASS,0.004114293872992468,2.5721668598990943e-26,SOURCED_CURVE_PASS
b10_split_minus10,60.1333,aft,fatigue_robust_final,stiffness_based,-10.0,0.5039551232891881,0.5535596109602693,6,0.06,142920000.0,26198081.94348,10802.088976694842,2.693299539099646,62.0,10.0,Conservative design envelope: C=62 MPa from MAT-002 static shear strength and b=10,5.994052420697274e-07,PASS,0.005021405920355272,2.8548401506054453e-25,SOURCED_CURVE_PASS
b10_split_plus10,60.1333,forward,fatigue_robust_final,stiffness_based,10.0,0.4960448767108119,0.5456493643818932,5,0.06,119320000.0,25786868.169719998,10802.088976694842,2.6971482056283964,62.0,10.0,Conservative design envelope: C=62 MPa from MAT-002 static shear strength and b=10,6.08025901944833e-07,PASS,0.00502858140032413,2.904512575214816e-25,SOURCED_CURVE_PASS
b10_split_plus10,60.1333,aft,fatigue_robust_final,stiffness_based,10.0,0.5039551232891881,0.45435063561810685,6,0.06,142920000.0,26198081.94348,10802.088976694842,2.210606289315618,62.0,10.0,Conservative design envelope: C=62 MPa from MAT-002 static shear strength and b=10,8.317407542107633e-08,PASS,0.0041214693529613225,2.626883845762654e-26,SOURCED_CURVE_PASS
b9_split_minus10,60.1333,forward,fatigue_robust_final,stiffness_based,-10.0,0.4960448767108119,0.4464403890397307,5,0.06,119320000.0,25786868.169719998,10802.088976694842,2.2067576227868693,62.0,9.0,"Estimated conservative envelope: measured Saertex VU 90079 R=-1 C_shear=78 MPa, b=9.709 rounded down to C=62 MPa, b=9",1.6640956720974218e-06,PASS,0.004114293872992468,2.5721668598990943e-26,SOURCED_CURVE_PASS
b9_split_minus10,60.1333,aft,fatigue_robust_final,stiffness_based,-10.0,0.5039551232891881,0.5535596109602693,6,0.06,142920000.0,26198081.94348,10802.088976694842,2.693299539099646,62.0,9.0,"Estimated conservative envelope: measured Saertex VU 90079 R=-1 C_shear=78 MPa, b=9.709 rounded down to C=62 MPa, b=9",9.998813848856703e-06,PASS,0.005021405920355272,2.8548401506054453e-25,SOURCED_CURVE_PASS
b9_split_plus10,60.1333,forward,fatigue_robust_final,stiffness_based,10.0,0.4960448767108119,0.5456493643818932,5,0.06,119320000.0,25786868.169719998,10802.088976694842,2.6971482056283964,62.0,9.0,"Estimated conservative envelope: measured Saertex VU 90079 R=-1 C_shear=78 MPa, b=9.709 rounded down to C=62 MPa, b=9",1.012814411998023e-05,PASS,0.00502858140032413,2.904512575214816e-25,SOURCED_CURVE_PASS
b9_split_plus10,60.1333,aft,fatigue_robust_final,stiffness_based,10.0,0.5039551232891881,0.45435063561810685,6,0.06,142920000.0,26198081.94348,10802.088976694842,2.210606289315618,62.0,9.0,"Estimated conservative envelope: measured Saertex VU 90079 R=-1 C_shear=78 MPa, b=9.709 rounded down to C=62 MPa, b=9",1.6903988308975374e-06,PASS,0.0041214693529613225,2.626883845762654e-26,SOURCED_CURVE_PASS
